"tournamentNumber","tourCode","roundNumber","courseNumber","holeNumber","teeTime","startingHole","seasonYear","eventId","playerId","playerName","countryCode","leaderFlag","strokesBehind","textScore","roundScore","totalScore","position","thru","completedRoundScore","completedTotalScore","completedThru","stroke_id","type","shotNumber","distance","left","from_x","from_y","from_z","provisional","lie","strokesAssessed","groupId","x","y","z","putt","from","to","cup","strokeId","clientNumber","apexRange","apexSide","apexHeight","clubSpeed","ballSpeed","smashFactor","launchSpin","verticalLaunchAngle","horizontalLaunchAngle","actualFlightTime","kind","spinRateFit1","timeInterval1","measuredTimeInterval1","validTimeInterval1","xFit1","yFit1","zFit1"
"016","R",1,"656",1,"9:40AM",1,"2022",1,"34076","Joel Dahmen","USA",TRUE,0,"Par","E","E","-","--","E","E","1",57393,"SST",1,"307 yds","201 yds",8246.6,11959.74,194.947,FALSE,"Right Fairway",1,2,7350.9,12166.43,132.518,FALSE,"OTB","ERF",FALSE,NA,NA,NA,NA,NA,NA,NA,NA,NA,NA,NA,NA,NA,"NA","NA","NA","NA","NA","NA","NA"
"016","R",1,"656",1,"9:40AM",1,"2022",1,"34076","Joel Dahmen","USA",TRUE,0,"Par","E","E","-","--","E","E","1",57538,"SST",2,"209 yds","31 ft 3 in.",7350.9,12166.43,132.518,FALSE,"Green",1,2,6727.2,12116.95,80.281,FALSE,"OFW","OGR",FALSE,NA,NA,NA,NA,NA,NA,NA,NA,NA,NA,NA,NA,NA,"NA","NA","NA","NA","NA","NA","NA"
"016","R",1,"656",1,"9:40AM",1,"2022",1,"34076","Joel Dahmen","USA",TRUE,0,"Par","E","E","-","--","E","E","1",57597,"SST",3,"27 ft 4 in.","3 ft 11 in.",6727.2,12116.95,80.281,FALSE,"Green",1,2,6746.6,12136.19,80.115,TRUE,"OGR","OGR",FALSE,NA,NA,NA,NA,NA,NA,NA,NA,NA,NA,NA,NA,NA,"NA","NA","NA","NA","NA","NA","NA"
"016","R",1,"656",1,"9:40AM",1,"2022",1,"34076","Joel Dahmen","USA",TRUE,0,"Par","E","E","-","--","E","E","1",57729,"SST",4,"3 ft 11 in.","0 in.",6746.6,12136.19,80.115,FALSE,NA,1,2,6749.8,12138.72,80.111,TRUE,"OGR",NA,TRUE,NA,NA,NA,NA,NA,NA,NA,NA,NA,NA,NA,NA,NA,"NA","NA","NA","NA","NA","NA","NA"
"016","R",1,"656",1,"9:40AM",1,"2022",1,"54421","Garrick Higgo","RSA",TRUE,0,"Par","E","E","-","--","E","E","1",57267,"SST",1,"363 yds","142 yds",8246.6,11959.74,194.947,FALSE,"Right Rough",1,2,7176.5,12138.6,104.336,FALSE,"OTB","ERR",FALSE,NA,NA,NA,NA,NA,NA,NA,NA,NA,NA,NA,NA,NA,"NA","NA","NA","NA","NA","NA","NA"
"016","R",1,"656",1,"9:40AM",1,"2022",1,"54421","Garrick Higgo","RSA",TRUE,0,"Par","E","E","-","--","E","E","1",57546,"SST",2,"146 yds","36 ft 0 in.",7176.5,12138.6,104.336,FALSE,"Green",1,2,6739.1,12104.12,80.389,FALSE,"ORO","OGR",FALSE,NA,NA,NA,NA,NA,NA,NA,NA,NA,NA,NA,NA,NA,"NA","NA","NA","NA","NA","NA","NA"
"016","R",1,"656",1,"9:40AM",1,"2022",1,"54421","Garrick Higgo","RSA",TRUE,0,"Par","E","E","-","--","E","E","1",57572,"SST",3,"42 ft 0 in.","6 ft 3 in.",6739.1,12104.12,80.389,FALSE,"Green",1,2,6748.7,12145.04,79.989,TRUE,"OGR","OGR",FALSE,NA,NA,NA,NA,NA,NA,NA,NA,NA,NA,NA,NA,NA,"NA","NA","NA","NA","NA","NA","NA"
"016","R",1,"656",1,"9:40AM",1,"2022",1,"54421","Garrick Higgo","RSA",TRUE,0,"Par","E","E","-","--","E","E","1",57863,"SST",4,"6 ft 3 in.","0 in.",6748.7,12145.04,79.989,FALSE,NA,1,2,6749.8,12138.72,80.111,TRUE,"OGR",NA,TRUE,NA,NA,NA,NA,NA,NA,NA,NA,NA,NA,NA,NA,NA,"NA","NA","NA","NA","NA","NA","NA"
"016","R",1,"656",1,"9:50AM",1,"2022",1,"36689","Brooks Koepka","USA",TRUE,0,"Par","E","E","-","--","E","E","1",57669,"SST",1,"364 yds","140 yds",8246.6,11959.74,194.947,FALSE,"Right Rough",1,3,7166.1,12098.38,101.616,FALSE,"OTB","ERR",FALSE,NA,NA,NA,NA,NA,NA,NA,NA,NA,NA,NA,NA,NA,"NA","NA","NA","NA","NA","NA","NA"
"016","R",1,"656",1,"9:50AM",1,"2022",1,"36689","Brooks Koepka","USA",TRUE,0,"Par","E","E","-","--","E","E","1",57976,"SST",2,"144 yds","13 ft 9 in.",7166.1,12098.38,101.616,FALSE,"Green",1,3,6736.8,12143.63,79.998,FALSE,"ORO","OGR",FALSE,NA,NA,NA,NA,NA,NA,NA,NA,NA,NA,NA,NA,NA,"NA","NA","NA","NA","NA","NA","NA"
"016","R",1,"656",1,"9:50AM",1,"2022",1,"36689","Brooks Koepka","USA",TRUE,0,"Par","E","E","-","--","E","E","1",58060,"SST",3,"14 ft 0 in.","6 in.",6736.8,12143.63,79.998,FALSE,"Green",1,3,6749.7,12138.08,80.117,TRUE,"OGR","OGR",FALSE,NA,NA,NA,NA,NA,NA,NA,NA,NA,NA,NA,NA,NA,"NA","NA","NA","NA","NA","NA","NA"
"016","R",1,"656",1,"9:50AM",1,"2022",1,"36689","Brooks Koepka","USA",TRUE,0,"Par","E","E","-","--","E","E","1",58068,"SST",4,"6 in.","0 in.",6749.7,12138.08,80.117,FALSE,NA,1,3,6749.8,12138.72,80.111,TRUE,"OGR",NA,TRUE,NA,NA,NA,NA,NA,NA,NA,NA,NA,NA,NA,NA,NA,"NA","NA","NA","NA","NA","NA","NA"
"016","R",1,"656",1,"9:50AM",1,"2022",1,"46717","Viktor Hovland","NOR",TRUE,0,"Par","E","E","-","--","E","E","1",57582,"SST",1,"349 yds","156 yds",8246.6,11959.74,194.947,FALSE,"Left Intermediate",1,3,7206.3,12037.64,103.533,FALSE,"OTB","ELI",FALSE,NA,NA,NA,NA,NA,NA,NA,NA,NA,NA,NA,NA,NA,"NA","NA","NA","NA","NA","NA","NA"
"016","R",1,"656",1,"9:50AM",1,"2022",1,"46717","Viktor Hovland","NOR",TRUE,0,"Par","E","E","-","--","E","E","1",57957,"SST",2,"157 yds","26 ft 6 in.",7206.3,12037.64,103.533,FALSE,"Green",1,3,6743.3,12112.82,80.216,FALSE,"OIR","OGR",FALSE,NA,NA,NA,NA,NA,NA,NA,NA,NA,NA,NA,NA,NA,"NA","NA","NA","NA","NA","NA","NA"
"016","R",1,"656",1,"9:50AM",1,"2022",1,"46717","Viktor Hovland","NOR",TRUE,0,"Par","E","E","-","--","E","E","1",58036,"SST",3,"28 ft 5 in.","19 in.",6743.3,12112.82,80.216,FALSE,"Green",1,3,6749.9,12140.45,80.085,TRUE,"OGR","OGR",FALSE,NA,NA,NA,NA,NA,NA,NA,NA,NA,NA,NA,NA,NA,"NA","NA","NA","NA","NA","NA","NA"
"016","R",1,"656",1,"9:50AM",1,"2022",1,"46717","Viktor Hovland","NOR",TRUE,0,"Par","E","E","-","--","E","E","1",58040,"SST",4,"19 in.","0 in.",6749.9,12140.45,80.085,FALSE,NA,1,3,6749.8,12138.72,80.111,TRUE,"OGR",NA,TRUE,NA,NA,NA,NA,NA,NA,NA,NA,NA,NA,NA,NA,NA,"NA","NA","NA","NA","NA","NA","NA"
"016","R",1,"656",1,"10:00AM",1,"2022",1,"45526","Abraham Ancer","MEX",FALSE,1,"Par","E","E","-","--","E","E","1",58212,"SST",1,"363 yds","141 yds",8246.6,11959.74,194.947,FALSE,"Right Rough",1,4,7167.5,12083.58,101.754,FALSE,"OTB","ERR",FALSE,NA,NA,NA,NA,NA,NA,NA,NA,NA,NA,NA,NA,NA,"NA","NA","NA","NA","NA","NA","NA"
"016","R",1,"656",1,"10:00AM",1,"2022",1,"45526","Abraham Ancer","MEX",FALSE,1,"Par","E","E","-","--","E","E","1",58567,"SST",2,"152 yds","43 ft 1 in.",7167.5,12083.58,101.754,FALSE,"Green",1,4,6712.8,12116.31,80.531,FALSE,"ORO","OGR",FALSE,NA,NA,NA,NA,NA,NA,NA,NA,NA,NA,NA,NA,NA,"NA","NA","NA","NA","NA","NA","NA"
"016","R",1,"656",1,"10:00AM",1,"2022",1,"45526","Abraham Ancer","MEX",FALSE,1,"Par","E","E","-","--","E","E","1",58739,"SST",3,"40 ft 10 in.","3 ft 0 in.",6712.8,12116.31,80.531,FALSE,"Green",1,4,6748.6,12135.82,80.132,TRUE,"OGR","OGR",FALSE,NA,NA,NA,NA,NA,NA,NA,NA,NA,NA,NA,NA,NA,"NA","NA","NA","NA","NA","NA","NA"
"016","R",1,"656",1,"10:00AM",1,"2022",1,"45526","Abraham Ancer","MEX",FALSE,1,"Par","E","E","-","--","E","E","1",58885,"SST",4,"3 ft 0 in.","0 in.",6748.6,12135.82,80.132,FALSE,NA,1,4,6749.8,12138.72,80.111,TRUE,"OGR",NA,TRUE,NA,NA,NA,NA,NA,NA,NA,NA,NA,NA,NA,NA,NA,"NA","NA","NA","NA","NA","NA","NA"
"016","R",1,"656",1,"10:00AM",1,"2022",1,"46402","Talor Gooch","USA",FALSE,1,"Par","E","E","-","--","E","E","1",58073,"SST",1,"365 yds","139 yds",8246.6,11959.74,194.947,FALSE,"Right Rough",1,4,7165.5,12097.54,101.557,FALSE,"OTB","ERR",FALSE,NA,NA,NA,NA,NA,NA,NA,NA,NA,NA,NA,NA,NA,"NA","NA","NA","NA","NA","NA","NA"
"016","R",1,"656",1,"10:00AM",1,"2022",1,"46402","Talor Gooch","USA",FALSE,1,"Par","E","E","-","--","E","E","1",58575,"SST",2,"129 yds","32 ft 11 in.",7165.5,12097.54,101.557,FALSE,"Right Front Greenside Bunker",1,4,6782.6,12141.11,76.16,FALSE,"ORO","EG3",FALSE,NA,NA,NA,NA,NA,NA,NA,NA,NA,NA,NA,NA,NA,"NA","NA","NA","NA","NA","NA","NA"
"016","R",1,"656",1,"10:00AM",1,"2022",1,"46402","Talor Gooch","USA",FALSE,1,"Par","E","E","-","--","E","E","1",58677,"SST",3,"31 ft 2 in.","4 ft 4 in.",6782.6,12141.11,76.16,FALSE,"Green",1,4,6751.8,12142.76,80.044,FALSE,"OGS","OGR",FALSE,NA,NA,NA,NA,NA,NA,NA,NA,NA,NA,NA,NA,NA,"NA","NA","NA","NA","NA","NA","NA"
"016","R",1,"656",1,"10:00AM",1,"2022",1,"46402","Talor Gooch","USA",FALSE,1,"Par","E","E","-","--","E","E","1",59071,"SST",4,"4 ft 4 in.","0 in.",6751.8,12142.76,80.044,FALSE,NA,1,4,6749.8,12138.72,80.111,TRUE,"OGR",NA,TRUE,NA,NA,NA,NA,NA,NA,NA,NA,NA,NA,NA,NA,NA,"NA","NA","NA","NA","NA","NA","NA"
"016","R",1,"656",1,"10:10AM",1,"2022",1,"29478","Kevin Kisner","USA",FALSE,2,"Par","E","E","-","--","E","E","1",58789,"SST",1,"353 yds","151 yds",8246.6,11959.74,194.947,FALSE,"Left Fairway",1,5,7196.9,12075.18,104.077,FALSE,"OTB","ELF",FALSE,NA,NA,NA,NA,NA,NA,NA,NA,NA,NA,NA,NA,NA,"NA","NA","NA","NA","NA","NA","NA"
"016","R",1,"656",1,"10:10AM",1,"2022",1,"29478","Kevin Kisner","USA",FALSE,2,"Par","E","E","-","--","E","E","1",59434,"SST",2,"157 yds","24 ft 7 in.",7196.9,12075.18,104.077,FALSE,"Green",1,5,6728.7,12125.8,80.134,FALSE,"OFW","OGR",FALSE,NA,NA,NA,NA,NA,NA,NA,NA,NA,NA,NA,NA,NA,"NA","NA","NA","NA","NA","NA","NA"
"016","R",1,"656",1,"10:10AM",1,"2022",1,"29478","Kevin Kisner","USA",FALSE,2,"Par","E","E","-","--","E","E","1",59567,"SST",3,"23 ft 9 in.","15 in.",6728.7,12125.8,80.134,FALSE,"Green",1,5,6749.5,12137.3,80.137,TRUE,"OGR","OGR",FALSE,NA,NA,NA,NA,NA,NA,NA,NA,NA,NA,NA,NA,NA,"NA","NA","NA","NA","NA","NA","NA"
"016","R",1,"656",1,"10:10AM",1,"2022",1,"29478","Kevin Kisner","USA",FALSE,2,"Par","E","E","-","--","E","E","1",59580,"SST",4,"15 in.","0 in.",6749.5,12137.3,80.137,FALSE,NA,1,5,6749.8,12138.72,80.111,TRUE,"OGR",NA,TRUE,NA,NA,NA,NA,NA,NA,NA,NA,NA,NA,NA,NA,NA,"NA","NA","NA","NA","NA","NA","NA"
"016","R",1,"656",1,"10:10AM",1,"2022",1,"40026","Daniel Berger","USA",FALSE,2,"Par","E","E","-","--","E","E","1",59067,"SST",1,"306 yds","199 yds",8246.6,11959.74,194.947,FALSE,"Left Fairway",1,5,7346.2,12122.08,128.695,FALSE,"OTB","ELF",FALSE,NA,NA,NA,NA,NA,NA,NA,NA,NA,NA,NA,NA,NA,"NA","NA","NA","NA","NA","NA","NA"
"016","R",1,"656",1,"10:10AM",1,"2022",1,"40026","Daniel Berger","USA",FALSE,2,"Par","E","E","-","--","E","E","1",59397,"SST",2,"207 yds","22 ft 11 in.",7346.2,12122.08,128.695,FALSE,"Green",1,5,6727.6,12144.78,80.17,FALSE,"OFW","OGR",FALSE,NA,NA,NA,NA,NA,NA,NA,NA,NA,NA,NA,NA,NA,"NA","NA","NA","NA","NA","NA","NA"
"016","R",1,"656",1,"10:10AM",1,"2022",1,"40026","Daniel Berger","USA",FALSE,2,"Par","E","E","-","--","E","E","1",59806,"SST",3,"22 ft 4 in.","7 in.",6727.6,12144.78,80.17,FALSE,"Green",1,5,6749.1,12138.87,79.968,TRUE,"OGR","OGR",FALSE,NA,NA,NA,NA,NA,NA,NA,NA,NA,NA,NA,NA,NA,"NA","NA","NA","NA","NA","NA","NA"
"016","R",1,"656",1,"10:10AM",1,"2022",1,"40026","Daniel Berger","USA",FALSE,2,"Par","E","E","-","--","E","E","1",59853,"SST",4,"7 in.","0 in.",6749.1,12138.87,79.968,FALSE,NA,1,5,6749.8,12138.72,80.111,TRUE,"OGR",NA,TRUE,NA,NA,NA,NA,NA,NA,NA,NA,NA,NA,NA,NA,NA,"NA","NA","NA","NA","NA","NA","NA"
"016","R",1,"656",1,"10:20AM",1,"2022",1,"28252","Seamus Power","IRL",FALSE,2,"Birdie","E","E","-","--","-1","-1","1",59774,"SST",1,"352 yds","152 yds",8246.6,11959.74,194.947,FALSE,"Right Fairway",1,6,7203.1,12096.63,104.789,FALSE,"OTB","ERF",FALSE,NA,NA,NA,NA,NA,NA,NA,NA,NA,NA,NA,NA,NA,"NA","NA","NA","NA","NA","NA","NA"
"016","R",1,"656",1,"10:20AM",1,"2022",1,"28252","Seamus Power","IRL",FALSE,2,"Birdie","E","E","-","--","-1","-1","1",60331,"SST",2,"150 yds","5 ft 8 in.",7203.1,12096.63,104.789,FALSE,"Green",1,6,6755.7,12138.39,80.125,FALSE,"OFW","OGR",FALSE,NA,NA,NA,NA,NA,NA,NA,NA,NA,NA,NA,NA,NA,"NA","NA","NA","NA","NA","NA","NA"
"016","R",1,"656",1,"10:20AM",1,"2022",1,"28252","Seamus Power","IRL",FALSE,2,"Birdie","E","E","-","--","-1","-1","1",60513,"SST",3,"5 ft 8 in.","0 in.",6755.7,12138.39,80.125,FALSE,NA,1,6,6749.8,12138.72,80.111,TRUE,"OGR",NA,TRUE,NA,NA,NA,NA,NA,NA,NA,NA,NA,NA,NA,NA,NA,"NA","NA","NA","NA","NA","NA","NA"
"016","R",1,"656",1,"10:20AM",1,"2022",1,"40006","Erik van Rooyen","RSA",FALSE,2,"Par","E","E","-","--","E","E","1",59593,"SST",1,"309 yds","200 yds",8246.6,11959.74,194.947,FALSE,"Right Fairway",1,6,7347.9,12172.48,132.905,FALSE,"OTB","ERF",FALSE,NA,NA,NA,NA,NA,NA,NA,NA,NA,NA,NA,NA,NA,"NA","NA","NA","NA","NA","NA","NA"
"016","R",1,"656",1,"10:20AM",1,"2022",1,"40006","Erik van Rooyen","RSA",FALSE,2,"Par","E","E","-","--","E","E","1",60206,"SST",2,"197 yds","22 ft 9 in.",7347.9,12172.48,132.905,FALSE,"Green",1,6,6762.3,12119.47,80.13,FALSE,"OFW","OGR",FALSE,NA,NA,NA,NA,NA,NA,NA,NA,NA,NA,NA,NA,NA,"NA","NA","NA","NA","NA","NA","NA"
"016","R",1,"656",1,"10:20AM",1,"2022",1,"40006","Erik van Rooyen","RSA",FALSE,2,"Par","E","E","-","--","E","E","1",60446,"SST",3,"23 ft 7 in.","10 in.",6762.3,12119.47,80.13,FALSE,"Green",1,6,6748.8,12138.77,80.103,TRUE,"OGR","OGR",FALSE,NA,NA,NA,NA,NA,NA,NA,NA,NA,NA,NA,NA,NA,"NA","NA","NA","NA","NA","NA","NA"
"016","R",1,"656",1,"10:20AM",1,"2022",1,"40006","Erik van Rooyen","RSA",FALSE,2,"Par","E","E","-","--","E","E","1",60466,"SST",4,"10 in.","0 in.",6748.8,12138.77,80.103,FALSE,NA,1,6,6749.8,12138.72,80.111,TRUE,"OGR",NA,TRUE,NA,NA,NA,NA,NA,NA,NA,NA,NA,NA,NA,NA,NA,"NA","NA","NA","NA","NA","NA","NA"
"016","R",1,"656",1,"10:30AM",1,"2022",1,"26300","Matt Jones","AUS",FALSE,2,"Par","E","E","-","--","E","E","1",60603,"SST",1,"364 yds","140 yds",8246.6,11959.74,194.947,FALSE,"Right Rough",1,7,7165.7,12087.92,101.58,FALSE,"OTB","ERR",FALSE,NA,NA,NA,NA,NA,NA,NA,NA,NA,NA,NA,NA,NA,"NA","NA","NA","NA","NA","NA","NA"
"016","R",1,"656",1,"10:30AM",1,"2022",1,"26300","Matt Jones","AUS",FALSE,2,"Par","E","E","-","--","E","E","1",61252,"SST",2,"108 yds","95 ft 10 in.",7165.7,12087.92,101.58,FALSE,"Right Rough",1,7,6845.1,12127.45,76.789,FALSE,"ORO","ERR",FALSE,NA,NA,NA,NA,NA,NA,NA,NA,NA,NA,NA,NA,NA,"NA","NA","NA","NA","NA","NA","NA"
"016","R",1,"656",1,"10:30AM",1,"2022",1,"26300","Matt Jones","AUS",FALSE,2,"Par","E","E","-","--","E","E","1",61460,"SST",3,"41 yds","28 ft 10 in.",6845.1,12127.45,76.789,FALSE,"Green",1,7,6721.4,12132.96,80.179,FALSE,"ORO","OGR",FALSE,NA,NA,NA,NA,NA,NA,NA,NA,NA,NA,NA,NA,NA,"NA","NA","NA","NA","NA","NA","NA"
"016","R",1,"656",1,"10:30AM",1,"2022",1,"26300","Matt Jones","AUS",FALSE,2,"Par","E","E","-","--","E","E","1",61505,"SST",4,"28 ft 10 in.","0 in.",6721.4,12132.96,80.179,FALSE,NA,1,7,6749.8,12138.72,80.111,TRUE,"OGR",NA,TRUE,NA,NA,NA,NA,NA,NA,NA,NA,NA,NA,NA,NA,NA,"NA","NA","NA","NA","NA","NA","NA"
"016","R",1,"656",1,"10:30AM",1,"2022",1,"39058","Lucas Herbert","AUS",FALSE,2,"Par","E","E","-","--","E","E","1",60494,"SST",1,"298 yds","225 yds",8246.6,11959.74,194.947,FALSE,"Right Rough",1,7,7409.5,12269.46,141.776,FALSE,"OTB","ERR",FALSE,NA,NA,NA,NA,NA,NA,NA,NA,NA,NA,NA,NA,NA,"NA","NA","NA","NA","NA","NA","NA"
"016","R",1,"656",1,"10:30AM",1,"2022",1,"39058","Lucas Herbert","AUS",FALSE,2,"Par","E","E","-","--","E","E","1",61136,"SST",2,"232 yds","22 ft 6 in.",7409.5,12269.46,141.776,FALSE,"Green",1,7,6727.1,12139.14,80.156,FALSE,"ORO","OGR",FALSE,NA,NA,NA,NA,NA,NA,NA,NA,NA,NA,NA,NA,NA,"NA","NA","NA","NA","NA","NA","NA"
"016","R",1,"656",1,"10:30AM",1,"2022",1,"39058","Lucas Herbert","AUS",FALSE,2,"Par","E","E","-","--","E","E","1",61548,"SST",3,"23 ft 5 in.","2 ft 5 in.",6727.1,12139.14,80.156,FALSE,"Green",1,7,6750.4,12136.19,80.142,TRUE,"OGR","OGR",FALSE,NA,NA,NA,NA,NA,NA,NA,NA,NA,NA,NA,NA,NA,"NA","NA","NA","NA","NA","NA","NA"
"016","R",1,"656",1,"10:30AM",1,"2022",1,"39058","Lucas Herbert","AUS",FALSE,2,"Par","E","E","-","--","E","E","1",61564,"SST",4,"2 ft 5 in.","0 in.",6750.4,12136.19,80.142,FALSE,NA,1,7,6749.8,12138.72,80.111,TRUE,"OGR",NA,TRUE,NA,NA,NA,NA,NA,NA,NA,NA,NA,NA,NA,NA,NA,"NA","NA","NA","NA","NA","NA","NA"
"016","R",1,"656",1,"10:40AM",1,"2022",1,"30944","Jason Kokrak","USA",FALSE,3,"Bogey","E","E","-","--","+1","+1","1",61544,"SST",1,"316 yds","195 yds",8246.6,11959.74,194.947,FALSE,"Right Fairway",1,8,7330.4,12193.23,134.578,FALSE,"OTB","ERF",FALSE,NA,NA,NA,NA,NA,NA,NA,NA,NA,NA,NA,NA,NA,"NA","NA","NA","NA","NA","NA","NA"
"016","R",1,"656",1,"10:40AM",1,"2022",1,"30944","Jason Kokrak","USA",FALSE,3,"Bogey","E","E","-","--","+1","+1","1",62448,"SST",2,"177 yds","56 ft 4 in.",7330.4,12193.23,134.578,FALSE,"Right Front Greenside Bunker",1,8,6803,12157.08,74.819,FALSE,"OFW","EG3",FALSE,NA,NA,NA,NA,NA,NA,NA,NA,NA,NA,NA,NA,NA,"NA","NA","NA","NA","NA","NA","NA"
"016","R",1,"656",1,"10:40AM",1,"2022",1,"30944","Jason Kokrak","USA",FALSE,3,"Bogey","E","E","-","--","+1","+1","1",62715,"SST",3,"76 ft 8 in.","21 ft 2 in.",6803,12157.08,74.819,FALSE,"Green",1,8,6733.6,12124.87,80.13,FALSE,"OGS","OGR",FALSE,NA,NA,NA,NA,NA,NA,NA,NA,NA,NA,NA,NA,NA,"NA","NA","NA","NA","NA","NA","NA"
"016","R",1,"656",1,"10:40AM",1,"2022",1,"30944","Jason Kokrak","USA",FALSE,3,"Bogey","E","E","-","--","+1","+1","1",63305,"SST",4,"24 ft 1 in.","2 ft 7 in.",6733.6,12124.87,80.13,FALSE,"Green",1,8,6752,12140.35,80.094,TRUE,"OGR","OGR",FALSE,NA,NA,NA,NA,NA,NA,NA,NA,NA,NA,NA,NA,NA,"NA","NA","NA","NA","NA","NA","NA"
"016","R",1,"656",1,"10:40AM",1,"2022",1,"30944","Jason Kokrak","USA",FALSE,3,"Bogey","E","E","-","--","+1","+1","1",63354,"SST",5,"2 ft 7 in.","0 in.",6752,12140.35,80.094,FALSE,NA,1,8,6749.8,12138.72,80.111,TRUE,"OGR",NA,TRUE,NA,NA,NA,NA,NA,NA,NA,NA,NA,NA,NA,NA,NA,"NA","NA","NA","NA","NA","NA","NA"
"016","R",1,"656",1,"10:40AM",1,"2022",1,"39977","Max Homa","USA",FALSE,3,"Par","E","E","-","--","E","E","1",61727,"SST",1,"355 yds","149 yds",8246.6,11959.74,194.947,FALSE,"Right Fairway",1,8,7194.1,12105,103.933,FALSE,"OTB","ERF",FALSE,NA,NA,NA,NA,NA,NA,NA,NA,NA,NA,NA,NA,NA,"NA","NA","NA","NA","NA","NA","NA"
"016","R",1,"656",1,"10:40AM",1,"2022",1,"39977","Max Homa","USA",FALSE,3,"Par","E","E","-","--","E","E","1",62549,"SST",2,"155 yds","36 ft 3 in.",7194.1,12105,103.933,FALSE,"Green",1,8,6729.5,12108.49,80.551,FALSE,"OFW","OGR",FALSE,NA,NA,NA,NA,NA,NA,NA,NA,NA,NA,NA,NA,NA,"NA","NA","NA","NA","NA","NA","NA"
"016","R",1,"656",1,"10:40AM",1,"2022",1,"39977","Max Homa","USA",FALSE,3,"Par","E","E","-","--","E","E","1",62810,"SST",3,"33 ft 3 in.","3 ft 0 in.",6729.5,12108.49,80.551,FALSE,"Green",1,8,6747.9,12136.2,80.122,TRUE,"OGR","OGR",FALSE,NA,NA,NA,NA,NA,NA,NA,NA,NA,NA,NA,NA,NA,"NA","NA","NA","NA","NA","NA","NA"
"016","R",1,"656",1,"10:40AM",1,"2022",1,"39977","Max Homa","USA",FALSE,3,"Par","E","E","-","--","E","E","1",63368,"SST",4,"3 ft 0 in.","0 in.",6747.9,12136.2,80.122,FALSE,NA,1,8,6749.8,12138.72,80.111,TRUE,"OGR",NA,TRUE,NA,NA,NA,NA,NA,NA,NA,NA,NA,NA,NA,NA,NA,"NA","NA","NA","NA","NA","NA","NA"
"016","R",1,"656",1,"10:50AM",1,"2022",1,"25396","Kevin Na","USA",FALSE,3,"Bogey","E","E","-","--","+1","+1","1",62993,"SST",1,"329 yds","176 yds",8246.6,11959.74,194.947,FALSE,"Left Rough",1,9,7265,12022.31,111.548,FALSE,"OTB","ELR",FALSE,NA,NA,NA,NA,NA,NA,NA,NA,NA,NA,NA,NA,NA,"NA","NA","NA","NA","NA","NA","NA"
"016","R",1,"656",1,"10:50AM",1,"2022",1,"25396","Kevin Na","USA",FALSE,3,"Bogey","E","E","-","--","+1","+1","1",63754,"SST",2,"199 yds","71 ft 0 in.",7265,12022.31,111.548,FALSE,"Green",1,9,6678.8,12134.86,80.584,FALSE,"ORO","OGR",FALSE,NA,NA,NA,NA,NA,NA,NA,NA,NA,NA,NA,NA,NA,"NA","NA","NA","NA","NA","NA","NA"
"016","R",1,"656",1,"10:50AM",1,"2022",1,"25396","Kevin Na","USA",FALSE,3,"Bogey","E","E","-","--","+1","+1","1",64315,"SST",3,"73 ft 7 in.","4 ft 3 in.",6678.8,12134.86,80.584,FALSE,"Green",1,9,6752.3,12135.02,80.16,TRUE,"OGR","OGR",FALSE,NA,NA,NA,NA,NA,NA,NA,NA,NA,NA,NA,NA,NA,"NA","NA","NA","NA","NA","NA","NA"
"016","R",1,"656",1,"10:50AM",1,"2022",1,"25396","Kevin Na","USA",FALSE,3,"Bogey","E","E","-","--","+1","+1","1",64656,"SST",4,"5 ft 6 in.","11 in.",6752.3,12135.02,80.16,FALSE,"Green",1,9,6748.9,12139.32,80.096,TRUE,"OGR","OGR",FALSE,NA,NA,NA,NA,NA,NA,NA,NA,NA,NA,NA,NA,NA,"NA","NA","NA","NA","NA","NA","NA"
"016","R",1,"656",1,"10:50AM",1,"2022",1,"25396","Kevin Na","USA",FALSE,3,"Bogey","E","E","-","--","+1","+1","1",64728,"SST",5,"11 in.","0 in.",6748.9,12139.32,80.096,FALSE,NA,1,9,6749.8,12138.72,80.111,TRUE,"OGR",NA,TRUE,NA,NA,NA,NA,NA,NA,NA,NA,NA,NA,NA,NA,NA,"NA","NA","NA","NA","NA","NA","NA"
"016","R",1,"656",1,"10:50AM",1,"2022",1,"25900","Lucas Glover","USA",FALSE,3,"Par","E","E","-","--","E","E","1",62792,"SST",1,"352 yds","152 yds",8246.6,11959.74,194.947,FALSE,"Right Fairway",1,9,7203.6,12094.88,104.815,FALSE,"OTB","ERF",FALSE,NA,NA,NA,NA,NA,NA,NA,NA,NA,NA,NA,NA,NA,"NA","NA","NA","NA","NA","NA","NA"
"016","R",1,"656",1,"10:50AM",1,"2022",1,"25900","Lucas Glover","USA",FALSE,3,"Par","E","E","-","--","E","E","1",63824,"SST",2,"153 yds","24 ft 10 in.",7203.6,12094.88,104.815,FALSE,"Green",1,9,6745.2,12114.12,80.211,FALSE,"OFW","OGR",FALSE,NA,NA,NA,NA,NA,NA,NA,NA,NA,NA,NA,NA,NA,"NA","NA","NA","NA","NA","NA","NA"
"016","R",1,"656",1,"10:50AM",1,"2022",1,"25900","Lucas Glover","USA",FALSE,3,"Par","E","E","-","--","E","E","1",64352,"SST",3,"24 ft 6 in.","11 in.",6745.2,12114.12,80.211,FALSE,"Green",1,9,6748.8,12138.37,80.107,TRUE,"OGR","OGR",FALSE,NA,NA,NA,NA,NA,NA,NA,NA,NA,NA,NA,NA,NA,"NA","NA","NA","NA","NA","NA","NA"
"016","R",1,"656",1,"10:50AM",1,"2022",1,"25900","Lucas Glover","USA",FALSE,3,"Par","E","E","-","--","E","E","1",64752,"SST",4,"11 in.","0 in.",6748.8,12138.37,80.107,FALSE,NA,1,9,6749.8,12138.72,80.111,TRUE,"OGR",NA,TRUE,NA,NA,NA,NA,NA,NA,NA,NA,NA,NA,NA,NA,NA,"NA","NA","NA","NA","NA","NA","NA"
"016","R",1,"656",1,"11:00AM",1,"2022",1,"26851","Marc Leishman","AUS",FALSE,4,"Par","E","E","-","--","E","E","1",64356,"SST",1,"353 yds","151 yds",8246.6,11959.74,194.947,FALSE,"Right Fairway",1,10,7201.1,12092.08,104.618,FALSE,"OTB","ERF",FALSE,NA,NA,NA,NA,NA,NA,NA,NA,NA,NA,NA,NA,NA,"NA","NA","NA","NA","NA","NA","NA"
"016","R",1,"656",1,"11:00AM",1,"2022",1,"26851","Marc Leishman","AUS",FALSE,4,"Par","E","E","-","--","E","E","1",65240,"SST",2,"162 yds","38 ft 10 in.",7201.1,12092.08,104.618,FALSE,"Green",1,10,6716.1,12119,80.376,FALSE,"OFW","OGR",FALSE,NA,NA,NA,NA,NA,NA,NA,NA,NA,NA,NA,NA,NA,"NA","NA","NA","NA","NA","NA","NA"
"016","R",1,"656",1,"11:00AM",1,"2022",1,"26851","Marc Leishman","AUS",FALSE,4,"Par","E","E","-","--","E","E","1",65865,"SST",3,"37 ft 8 in.","15 in.",6716.1,12119,80.376,FALSE,"Green",1,10,6748.5,12138.34,80.105,TRUE,"OGR","OGR",FALSE,NA,NA,NA,NA,NA,NA,NA,NA,NA,NA,NA,NA,NA,"NA","NA","NA","NA","NA","NA","NA"
"016","R",1,"656",1,"11:00AM",1,"2022",1,"26851","Marc Leishman","AUS",FALSE,4,"Par","E","E","-","--","E","E","1",65930,"SST",4,"15 in.","0 in.",6748.5,12138.34,80.105,FALSE,NA,1,10,6749.8,12138.72,80.111,TRUE,"OGR",NA,TRUE,NA,NA,NA,NA,NA,NA,NA,NA,NA,NA,NA,NA,NA,"NA","NA","NA","NA","NA","NA","NA"
"016","R",1,"656",1,"11:00AM",1,"2022",1,"35891","Cameron Smith","AUS",FALSE,4,"Par","E","E","-","--","E","E","1",64572,"SST",1,"362 yds","143 yds",8246.6,11959.74,194.947,FALSE,"Right Intermediate",1,10,7178.5,12123.79,103.391,FALSE,"OTB","ERI",FALSE,NA,NA,NA,NA,NA,NA,NA,NA,NA,NA,NA,NA,NA,"NA","NA","NA","NA","NA","NA","NA"
"016","R",1,"656",1,"11:00AM",1,"2022",1,"35891","Cameron Smith","AUS",FALSE,4,"Par","E","E","-","--","E","E","1",65292,"SST",2,"133 yds","33 ft 3 in.",7178.5,12123.79,103.391,FALSE,"Right Front Greenside Bunker",1,10,6781.3,12149.15,76.037,FALSE,"OIR","EG3",FALSE,NA,NA,NA,NA,NA,NA,NA,NA,NA,NA,NA,NA,NA,"NA","NA","NA","NA","NA","NA","NA"
"016","R",1,"656",1,"11:00AM",1,"2022",1,"35891","Cameron Smith","AUS",FALSE,4,"Par","E","E","-","--","E","E","1",65612,"SST",3,"32 ft 10 in.","7 in.",6781.3,12149.15,76.037,FALSE,"Green",1,10,6750.3,12139.3,80.105,FALSE,"OGS","OGR",FALSE,NA,NA,NA,NA,NA,NA,NA,NA,NA,NA,NA,NA,NA,"NA","NA","NA","NA","NA","NA","NA"
"016","R",1,"656",1,"11:00AM",1,"2022",1,"35891","Cameron Smith","AUS",FALSE,4,"Par","E","E","-","--","E","E","1",65700,"SST",4,"7 in.","0 in.",6750.3,12139.3,80.105,FALSE,NA,1,10,6749.8,12138.72,80.111,TRUE,"OGR",NA,TRUE,NA,NA,NA,NA,NA,NA,NA,NA,NA,NA,NA,NA,NA,"NA","NA","NA","NA","NA","NA","NA"
"016","R",1,"656",1,"11:10AM",1,"2022",1,"29420","Billy Horschel","USA",FALSE,4,"Par","E","E","-","--","E","E","1",66140,"SST",1,"363 yds","141 yds",8246.6,11959.74,194.947,FALSE,"Right Intermediate",1,11,7171.4,12099.93,102.377,FALSE,"OTB","ERI",FALSE,NA,NA,NA,NA,NA,NA,NA,NA,NA,NA,NA,NA,NA,"NA","NA","NA","NA","NA","NA","NA"
"016","R",1,"656",1,"11:10AM",1,"2022",1,"29420","Billy Horschel","USA",FALSE,4,"Par","E","E","-","--","E","E","1",67386,"SST",2,"130 yds","41 ft 5 in.",7171.4,12099.93,102.377,FALSE,"Right Fairway",1,11,6783.8,12114.69,79.485,FALSE,"OIR","ERF",FALSE,NA,NA,NA,NA,NA,NA,NA,NA,NA,NA,NA,NA,NA,"NA","NA","NA","NA","NA","NA","NA"
"016","R",1,"656",1,"11:10AM",1,"2022",1,"29420","Billy Horschel","USA",FALSE,4,"Par","E","E","-","--","E","E","1",67659,"SST",3,"39 ft 10 in.","5 ft 11 in.",6783.8,12114.69,79.485,FALSE,"Green",1,11,6754.9,12142.1,80.063,FALSE,"OFW","OGR",FALSE,NA,NA,NA,NA,NA,NA,NA,NA,NA,NA,NA,NA,NA,"NA","NA","NA","NA","NA","NA","NA"
"016","R",1,"656",1,"11:10AM",1,"2022",1,"29420","Billy Horschel","USA",FALSE,4,"Par","E","E","-","--","E","E","1",67919,"SST",4,"5 ft 11 in.","0 in.",6754.9,12142.1,80.063,FALSE,NA,1,11,6749.8,12138.72,80.111,TRUE,"OGR",NA,TRUE,NA,NA,NA,NA,NA,NA,NA,NA,NA,NA,NA,NA,NA,"NA","NA","NA","NA","NA","NA","NA"
"016","R",1,"656",1,"11:10AM",1,"2022",1,"47504","Sam Burns","USA",FALSE,4,"Par","E","E","-","--","E","E","1",65852,"SST",1,"358 yds","146 yds",8246.6,11959.74,194.947,FALSE,"Right Fairway",1,11,7185.8,12102.18,103.294,FALSE,"OTB","ERF",FALSE,NA,NA,NA,NA,NA,NA,NA,NA,NA,NA,NA,NA,NA,"NA","NA","NA","NA","NA","NA","NA"
"016","R",1,"656",1,"11:10AM",1,"2022",1,"47504","Sam Burns","USA",FALSE,4,"Par","E","E","-","--","E","E","1",67002,"SST",2,"148 yds","11 ft 8 in.",7185.8,12102.18,103.294,FALSE,"Green",1,11,6742.5,12129.46,80.1,FALSE,"OFW","OGR",FALSE,NA,NA,NA,NA,NA,NA,NA,NA,NA,NA,NA,NA,NA,"NA","NA","NA","NA","NA","NA","NA"
"016","R",1,"656",1,"11:10AM",1,"2022",1,"47504","Sam Burns","USA",FALSE,4,"Par","E","E","-","--","E","E","1",67788,"SST",3,"12 ft 0 in.","7 in.",6742.5,12129.46,80.1,FALSE,"Green",1,11,6750.5,12138.36,80.119,TRUE,"OGR","OGR",FALSE,NA,NA,NA,NA,NA,NA,NA,NA,NA,NA,NA,NA,NA,"NA","NA","NA","NA","NA","NA","NA"
"016","R",1,"656",1,"11:10AM",1,"2022",1,"47504","Sam Burns","USA",FALSE,4,"Par","E","E","-","--","E","E","1",67821,"SST",4,"7 in.","0 in.",6750.5,12138.36,80.119,FALSE,NA,1,11,6749.8,12138.72,80.111,TRUE,"OGR",NA,TRUE,NA,NA,NA,NA,NA,NA,NA,NA,NA,NA,NA,NA,NA,"NA","NA","NA","NA","NA","NA","NA"
"016","R",1,"656",1,"11:25AM",1,"2022",1,"20229","Stewart Cink","USA",FALSE,4,"Par","E","E","-","--","E","E","1",68488,"SST",1,"356 yds","148 yds",8246.6,11959.74,194.947,FALSE,"Right Fairway",1,12,7191.2,12092.44,103.94,FALSE,"OTB","ERF",FALSE,NA,NA,NA,NA,NA,NA,NA,NA,NA,NA,NA,NA,NA,"NA","NA","NA","NA","NA","NA","NA"
"016","R",1,"656",1,"11:25AM",1,"2022",1,"20229","Stewart Cink","USA",FALSE,4,"Par","E","E","-","--","E","E","1",69651,"SST",2,"143 yds","14 ft 4 in.",7191.2,12092.44,103.94,FALSE,"Green",1,12,6763.6,12134.15,80.073,FALSE,"OFW","OGR",FALSE,NA,NA,NA,NA,NA,NA,NA,NA,NA,NA,NA,NA,NA,"NA","NA","NA","NA","NA","NA","NA"
"016","R",1,"656",1,"11:25AM",1,"2022",1,"20229","Stewart Cink","USA",FALSE,4,"Par","E","E","-","--","E","E","1",70468,"SST",3,"14 ft 7 in.","12 in.",6763.6,12134.15,80.073,FALSE,"Green",1,12,6750.2,12139.8,80.097,TRUE,"OGR","OGR",FALSE,NA,NA,NA,NA,NA,NA,NA,NA,NA,NA,NA,NA,NA,"NA","NA","NA","NA","NA","NA","NA"
"016","R",1,"656",1,"11:25AM",1,"2022",1,"20229","Stewart Cink","USA",FALSE,4,"Par","E","E","-","--","E","E","1",70544,"SST",4,"12 in.","0 in.",6750.2,12139.8,80.097,FALSE,NA,1,12,6749.8,12138.72,80.111,TRUE,"OGR",NA,TRUE,NA,NA,NA,NA,NA,NA,NA,NA,NA,NA,NA,NA,NA,"NA","NA","NA","NA","NA","NA","NA"
"016","R",1,"656",1,"11:25AM",1,"2022",1,"32791","K.H. Lee","KOR",FALSE,4,"Par","E","E","-","--","E","E","1",68312,"SST",1,"364 yds","140 yds",8246.6,11959.74,194.947,FALSE,"Right Rough",1,12,7167.7,12110.21,102.012,FALSE,"OTB","ERR",FALSE,NA,NA,NA,NA,NA,NA,NA,NA,NA,NA,NA,NA,NA,"NA","NA","NA","NA","NA","NA","NA"
"016","R",1,"656",1,"11:25AM",1,"2022",1,"32791","K.H. Lee","KOR",FALSE,4,"Par","E","E","-","--","E","E","1",69724,"SST",2,"142 yds","11 ft 11 in.",7167.7,12110.21,102.012,FALSE,"Green",1,12,6741.5,12129.99,80.096,FALSE,"ORO","OGR",FALSE,NA,NA,NA,NA,NA,NA,NA,NA,NA,NA,NA,NA,NA,"NA","NA","NA","NA","NA","NA","NA"
"016","R",1,"656",1,"11:25AM",1,"2022",1,"32791","K.H. Lee","KOR",FALSE,4,"Par","E","E","-","--","E","E","1",71005,"SST",3,"11 ft 0 in.","11 in.",6741.5,12129.99,80.096,FALSE,"Green",1,12,6749.3,12137.81,80.118,TRUE,"OGR","OGR",FALSE,NA,NA,NA,NA,NA,NA,NA,NA,NA,NA,NA,NA,NA,"NA","NA","NA","NA","NA","NA","NA"
"016","R",1,"656",1,"11:25AM",1,"2022",1,"32791","K.H. Lee","KOR",FALSE,4,"Par","E","E","-","--","E","E","1",71134,"SST",4,"11 in.","0 in.",6749.3,12137.81,80.118,FALSE,NA,1,12,6749.8,12138.72,80.111,TRUE,"OGR",NA,TRUE,NA,NA,NA,NA,NA,NA,NA,NA,NA,NA,NA,NA,NA,"NA","NA","NA","NA","NA","NA","NA"
"016","R",1,"656",1,"11:35AM",1,"2022",1,"39971","Sungjae Im","KOR",FALSE,4,"Par","E","E","-","--","E","E","1",70348,"SST",1,"364 yds","140 yds",8246.6,11959.74,194.947,FALSE,"Right Rough",1,13,7168.7,12116.16,102.517,FALSE,"OTB","ERR",FALSE,NA,NA,NA,NA,NA,NA,NA,NA,NA,NA,NA,NA,NA,"NA","NA","NA","NA","NA","NA","NA"
"016","R",1,"656",1,"11:35AM",1,"2022",1,"39971","Sungjae Im","KOR",FALSE,4,"Par","E","E","-","--","E","E","1",71879,"SST",2,"153 yds","55 ft 8 in.",7168.7,12116.16,102.517,FALSE,"Green",1,13,6709,12100.59,81.21,FALSE,"ORO","OGR",FALSE,NA,NA,NA,NA,NA,NA,NA,NA,NA,NA,NA,NA,NA,"NA","NA","NA","NA","NA","NA","NA"
"016","R",1,"656",1,"11:35AM",1,"2022",1,"39971","Sungjae Im","KOR",FALSE,4,"Par","E","E","-","--","E","E","1",72240,"SST",3,"50 ft 9 in.","5 ft 0 in.",6709,12100.59,81.21,FALSE,"Green",1,13,6745.7,12135.63,80.109,TRUE,"OGR","OGR",FALSE,NA,NA,NA,NA,NA,NA,NA,NA,NA,NA,NA,NA,NA,"NA","NA","NA","NA","NA","NA","NA"
"016","R",1,"656",1,"11:35AM",1,"2022",1,"39971","Sungjae Im","KOR",FALSE,4,"Par","E","E","-","--","E","E","1",72928,"SST",4,"5 ft 0 in.","0 in.",6745.7,12135.63,80.109,FALSE,NA,1,13,6749.8,12138.72,80.111,TRUE,"OGR",NA,TRUE,NA,NA,NA,NA,NA,NA,NA,NA,NA,NA,NA,NA,NA,"NA","NA","NA","NA","NA","NA","NA"
"016","R",1,"656",1,"11:35AM",1,"2022",1,"45157","Cam Davis","AUS",FALSE,4,"Par","E","E","-","--","E","E","1",70548,"SST",1,"356 yds","148 yds",8246.6,11959.74,194.947,FALSE,"Right Fairway",1,13,7192.5,12105.79,103.787,FALSE,"OTB","ERF",FALSE,NA,NA,NA,NA,NA,NA,NA,NA,NA,NA,NA,NA,NA,"NA","NA","NA","NA","NA","NA","NA"
"016","R",1,"656",1,"11:35AM",1,"2022",1,"45157","Cam Davis","AUS",FALSE,4,"Par","E","E","-","--","E","E","1",71781,"SST",2,"154 yds","25 ft 10 in.",7192.5,12105.79,103.787,FALSE,"Green",1,13,6729.9,12122,80.155,FALSE,"OFW","OGR",FALSE,NA,NA,NA,NA,NA,NA,NA,NA,NA,NA,NA,NA,NA,"NA","NA","NA","NA","NA","NA","NA"
"016","R",1,"656",1,"11:35AM",1,"2022",1,"45157","Cam Davis","AUS",FALSE,4,"Par","E","E","-","--","E","E","1",72591,"SST",3,"27 ft 1 in.","12 in.",6729.9,12122,80.155,FALSE,"Green",1,13,6750.4,12139.77,80.099,TRUE,"OGR","OGR",FALSE,NA,NA,NA,NA,NA,NA,NA,NA,NA,NA,NA,NA,NA,"NA","NA","NA","NA","NA","NA","NA"
"016","R",1,"656",1,"11:35AM",1,"2022",1,"45157","Cam Davis","AUS",FALSE,4,"Par","E","E","-","--","E","E","1",72755,"SST",4,"12 in.","0 in.",6750.4,12139.77,80.099,FALSE,NA,1,13,6749.8,12138.72,80.111,TRUE,"OGR",NA,TRUE,NA,NA,NA,NA,NA,NA,NA,NA,NA,NA,NA,NA,NA,"NA","NA","NA","NA","NA","NA","NA"
"016","R",1,"656",1,"11:45AM",1,"2022",1,"29974","Branden Grace","RSA",FALSE,5,"Par","E","E","-","--","E","E","1",72236,"SST",1,"357 yds","147 yds",8246.6,11959.74,194.947,FALSE,"Right Fairway",1,14,7188.4,12106.39,103.455,FALSE,"OTB","ERF",FALSE,NA,NA,NA,NA,NA,NA,NA,NA,NA,NA,NA,NA,NA,"NA","NA","NA","NA","NA","NA","NA"
"016","R",1,"656",1,"11:45AM",1,"2022",1,"29974","Branden Grace","RSA",FALSE,5,"Par","E","E","-","--","E","E","1",73672,"SST",2,"143 yds","12 ft 1 in.",7188.4,12106.39,103.455,FALSE,"Green",1,14,6761.1,12133.86,80.129,FALSE,"OFW","OGR",FALSE,NA,NA,NA,NA,NA,NA,NA,NA,NA,NA,NA,NA,NA,"NA","NA","NA","NA","NA","NA","NA"
"016","R",1,"656",1,"11:45AM",1,"2022",1,"29974","Branden Grace","RSA",FALSE,5,"Par","E","E","-","--","E","E","1",74849,"SST",3,"12 ft 6 in.","10 in.",6761.1,12133.86,80.129,FALSE,"Green",1,14,6750.1,12139.68,80.098,TRUE,"OGR","OGR",FALSE,NA,NA,NA,NA,NA,NA,NA,NA,NA,NA,NA,NA,NA,"NA","NA","NA","NA","NA","NA","NA"
"016","R",1,"656",1,"11:45AM",1,"2022",1,"29974","Branden Grace","RSA",FALSE,5,"Par","E","E","-","--","E","E","1",74861,"SST",4,"10 in.","0 in.",6750.1,12139.68,80.098,FALSE,NA,1,14,6749.8,12138.72,80.111,TRUE,"OGR",NA,TRUE,NA,NA,NA,NA,NA,NA,NA,NA,NA,NA,NA,NA,NA,"NA","NA","NA","NA","NA","NA","NA"
"016","R",1,"656",1,"11:45AM",1,"2022",1,"37455","Si Woo Kim","KOR",FALSE,5,"Par","E","E","-","--","E","E","1",72475,"SST",1,"350 yds","154 yds",8246.6,11959.74,194.947,FALSE,"Left Fairway",1,14,7208,12077.48,104.786,FALSE,"OTB","ELF",FALSE,NA,NA,NA,NA,NA,NA,NA,NA,NA,NA,NA,NA,NA,"NA","NA","NA","NA","NA","NA","NA"
"016","R",1,"656",1,"11:45AM",1,"2022",1,"37455","Si Woo Kim","KOR",FALSE,5,"Par","E","E","-","--","E","E","1",73563,"SST",2,"162 yds","28 ft 3 in.",7208,12077.48,104.786,FALSE,"Green",1,14,6724.8,12125.38,80.17,FALSE,"OFW","OGR",FALSE,NA,NA,NA,NA,NA,NA,NA,NA,NA,NA,NA,NA,NA,"NA","NA","NA","NA","NA","NA","NA"
"016","R",1,"656",1,"11:45AM",1,"2022",1,"37455","Si Woo Kim","KOR",FALSE,5,"Par","E","E","-","--","E","E","1",74418,"SST",3,"26 ft 10 in.","19 in.",6724.8,12125.38,80.17,FALSE,"Green",1,14,6748.1,12138.6,80.099,TRUE,"OGR","OGR",FALSE,NA,NA,NA,NA,NA,NA,NA,NA,NA,NA,NA,NA,NA,"NA","NA","NA","NA","NA","NA","NA"
"016","R",1,"656",1,"11:45AM",1,"2022",1,"37455","Si Woo Kim","KOR",FALSE,5,"Par","E","E","-","--","E","E","1",74465,"SST",4,"19 in.","0 in.",6748.1,12138.6,80.099,FALSE,NA,1,14,6749.8,12138.72,80.111,TRUE,"OGR",NA,TRUE,NA,NA,NA,NA,NA,NA,NA,NA,NA,NA,NA,NA,NA,"NA","NA","NA","NA","NA","NA","NA"
"016","R",1,"656",1,"11:55AM",1,"2022",1,"29725","Tony Finau","USA",FALSE,5,"Par","E","E","-","--","E","E","1",74485,"SST",1,"363 yds","141 yds",8246.6,11959.74,194.947,FALSE,"Right Rough",1,15,7167.1,12079.5,101.988,FALSE,"OTB","ERR",FALSE,NA,NA,NA,NA,NA,NA,NA,NA,NA,NA,NA,NA,NA,"NA","NA","NA","NA","NA","NA","NA"
"016","R",1,"656",1,"11:55AM",1,"2022",1,"29725","Tony Finau","USA",FALSE,5,"Par","E","E","-","--","E","E","1",75859,"SST",2,"151 yds","39 ft 11 in.",7167.1,12079.5,101.988,FALSE,"Green",1,15,6715.5,12117.95,80.419,FALSE,"ORO","OGR",FALSE,NA,NA,NA,NA,NA,NA,NA,NA,NA,NA,NA,NA,NA,"NA","NA","NA","NA","NA","NA","NA"
"016","R",1,"656",1,"11:55AM",1,"2022",1,"29725","Tony Finau","USA",FALSE,5,"Par","E","E","-","--","E","E","1",76865,"SST",3,"39 ft 6 in.","10 in.",6715.5,12117.95,80.419,FALSE,"Green",1,15,6749.7,12137.68,80.122,TRUE,"OGR","OGR",FALSE,NA,NA,NA,NA,NA,NA,NA,NA,NA,NA,NA,NA,NA,"NA","NA","NA","NA","NA","NA","NA"
"016","R",1,"656",1,"11:55AM",1,"2022",1,"29725","Tony Finau","USA",FALSE,5,"Par","E","E","-","--","E","E","1",77007,"SST",4,"10 in.","0 in.",6749.7,12137.68,80.122,FALSE,NA,1,15,6749.8,12138.72,80.111,TRUE,"OGR",NA,TRUE,NA,NA,NA,NA,NA,NA,NA,NA,NA,NA,NA,NA,NA,"NA","NA","NA","NA","NA","NA","NA"
"016","R",1,"656",1,"11:55AM",1,"2022",1,"47959","Bryson DeChambeau","USA",FALSE,5,"Par","E","E","-","--","E","E","1",74828,"SST",1,"364 yds","141 yds",8246.6,11959.74,194.947,FALSE,"Right Rough",1,15,7173.3,12133.95,103.861,FALSE,"OTB","ERR",FALSE,NA,NA,NA,NA,NA,NA,NA,NA,NA,NA,NA,NA,NA,"NA","NA","NA","NA","NA","NA","NA"
"016","R",1,"656",1,"11:55AM",1,"2022",1,"47959","Bryson DeChambeau","USA",FALSE,5,"Par","E","E","-","--","E","E","1",75968,"SST",2,"156 yds","46 ft 11 in.",7173.3,12133.95,103.861,FALSE,"Green",1,15,6704.8,12124.72,80.397,FALSE,"ORO","OGR",FALSE,NA,NA,NA,NA,NA,NA,NA,NA,NA,NA,NA,NA,NA,"NA","NA","NA","NA","NA","NA","NA"
"016","R",1,"656",1,"11:55AM",1,"2022",1,"47959","Bryson DeChambeau","USA",FALSE,5,"Par","E","E","-","--","E","E","1",76639,"SST",3,"42 ft 2 in.","5 ft 1 in.",6704.8,12124.72,80.397,FALSE,"Green",1,15,6745.5,12135.74,80.108,TRUE,"OGR","OGR",FALSE,NA,NA,NA,NA,NA,NA,NA,NA,NA,NA,NA,NA,NA,"NA","NA","NA","NA","NA","NA","NA"
"016","R",1,"656",1,"11:55AM",1,"2022",1,"47959","Bryson DeChambeau","USA",FALSE,5,"Par","E","E","-","--","E","E","1",77380,"SST",4,"5 ft 1 in.","0 in.",6745.5,12135.74,80.108,FALSE,NA,1,15,6749.8,12138.72,80.111,TRUE,"OGR",NA,TRUE,NA,NA,NA,NA,NA,NA,NA,NA,NA,NA,NA,NA,NA,"NA","NA","NA","NA","NA","NA","NA"
"016","R",1,"656",1,"12:05PM",1,"2022",1,"01810","Phil Mickelson","USA",FALSE,5,"Par","E","E","-","--","E","E","1",77191,"SST",1,"356 yds","148 yds",8246.6,11959.74,194.947,FALSE,"Right Fairway",1,16,7191.3,12086.8,104.003,FALSE,"OTB","ERF",FALSE,NA,NA,NA,NA,NA,NA,NA,NA,NA,NA,NA,NA,NA,"NA","NA","NA","NA","NA","NA","NA"
"016","R",1,"656",1,"12:05PM",1,"2022",1,"01810","Phil Mickelson","USA",FALSE,5,"Par","E","E","-","--","E","E","1",78668,"SST",2,"143 yds","27 ft 1 in.",7191.3,12086.8,104.003,FALSE,"Green",1,16,6763,12114.81,80.179,FALSE,"OFW","OGR",FALSE,NA,NA,NA,NA,NA,NA,NA,NA,NA,NA,NA,NA,NA,"NA","NA","NA","NA","NA","NA","NA"
"016","R",1,"656",1,"12:05PM",1,"2022",1,"01810","Phil Mickelson","USA",FALSE,5,"Par","E","E","-","--","E","E","1",79702,"SST",3,"26 ft 8 in.","12 in.",6763,12114.81,80.179,FALSE,"Green",1,16,6749.3,12137.66,80.119,TRUE,"OGR","OGR",FALSE,NA,NA,NA,NA,NA,NA,NA,NA,NA,NA,NA,NA,NA,"NA","NA","NA","NA","NA","NA","NA"
"016","R",1,"656",1,"12:05PM",1,"2022",1,"01810","Phil Mickelson","USA",FALSE,5,"Par","E","E","-","--","E","E","1",80131,"SST",4,"12 in.","0 in.",6749.3,12137.66,80.119,FALSE,NA,1,16,6749.8,12138.72,80.111,TRUE,"OGR",NA,TRUE,NA,NA,NA,NA,NA,NA,NA,NA,NA,NA,NA,NA,NA,"NA","NA","NA","NA","NA","NA","NA"
"016","R",1,"656",1,"12:05PM",1,"2022",1,"32839","Hideki Matsuyama","JPN",FALSE,5,"Par","E","E","-","--","E","E","1",76716,"SST",1,"358 yds","147 yds",8246.6,11959.74,194.947,FALSE,"Left Rough",1,16,7181.1,12043.84,101.915,FALSE,"OTB","ELR",FALSE,NA,NA,NA,NA,NA,NA,NA,NA,NA,NA,NA,NA,NA,"NA","NA","NA","NA","NA","NA","NA"
"016","R",1,"656",1,"12:05PM",1,"2022",1,"32839","Hideki Matsuyama","JPN",FALSE,5,"Par","E","E","-","--","E","E","1",78269,"SST",2,"153 yds","26 ft 4 in.",7181.1,12043.84,101.915,FALSE,"Green",1,16,6729.2,12122.1,80.158,FALSE,"ORO","OGR",FALSE,NA,NA,NA,NA,NA,NA,NA,NA,NA,NA,NA,NA,NA,"NA","NA","NA","NA","NA","NA","NA"
"016","R",1,"656",1,"12:05PM",1,"2022",1,"32839","Hideki Matsuyama","JPN",FALSE,5,"Par","E","E","-","--","E","E","1",79205,"SST",3,"25 ft 4 in.","13 in.",6729.2,12122.1,80.158,FALSE,"Green",1,16,6749.2,12137.6,80.12,TRUE,"OGR","OGR",FALSE,NA,NA,NA,NA,NA,NA,NA,NA,NA,NA,NA,NA,NA,"NA","NA","NA","NA","NA","NA","NA"
"016","R",1,"656",1,"12:05PM",1,"2022",1,"32839","Hideki Matsuyama","JPN",FALSE,5,"Par","E","E","-","--","E","E","1",80203,"SST",4,"13 in.","0 in.",6749.2,12137.6,80.12,FALSE,NA,1,16,6749.8,12138.72,80.111,TRUE,"OGR",NA,TRUE,NA,NA,NA,NA,NA,NA,NA,NA,NA,NA,NA,NA,NA,"NA","NA","NA","NA","NA","NA","NA"
"016","R",1,"656",1,"12:15PM",1,"2022",1,"34360","Patrick Reed","USA",FALSE,5,"Bogey","E","E","-","--","+1","+1","1",79706,"SST",1,"364 yds","140 yds",8246.6,11959.74,194.947,FALSE,"Left Rough",1,17,7161.7,12055.12,99.855,FALSE,"OTB","ELR",FALSE,NA,NA,NA,NA,NA,NA,NA,NA,NA,NA,NA,NA,NA,"NA","NA","NA","NA","NA","NA","NA"
"016","R",1,"656",1,"12:15PM",1,"2022",1,"34360","Patrick Reed","USA",FALSE,5,"Bogey","E","E","-","--","+1","+1","1",81217,"SST",2,"151 yds","39 ft 9 in.",7161.7,12055.12,99.855,FALSE,"Green",1,17,6713.5,12122.21,80.341,FALSE,"ORO","OGR",FALSE,NA,NA,NA,NA,NA,NA,NA,NA,NA,NA,NA,NA,NA,"NA","NA","NA","NA","NA","NA","NA"
"016","R",1,"656",1,"12:15PM",1,"2022",1,"34360","Patrick Reed","USA",FALSE,5,"Bogey","E","E","-","--","+1","+1","1",82429,"SST",3,"36 ft 9 in.","4 ft 10 in.",6713.5,12122.21,80.341,FALSE,"Green",1,17,6748.3,12133.9,80.142,TRUE,"OGR","OGR",FALSE,NA,NA,NA,NA,NA,NA,NA,NA,NA,NA,NA,NA,NA,"NA","NA","NA","NA","NA","NA","NA"
"016","R",1,"656",1,"12:15PM",1,"2022",1,"34360","Patrick Reed","USA",FALSE,5,"Bogey","E","E","-","--","+1","+1","1",83246,"SST",4,"7 ft 10 in.","2 ft 8 in.",6748.3,12133.9,80.142,FALSE,"Green",1,17,6750.3,12141.52,80.067,TRUE,"OGR","OGR",FALSE,NA,NA,NA,NA,NA,NA,NA,NA,NA,NA,NA,NA,NA,"NA","NA","NA","NA","NA","NA","NA"
"016","R",1,"656",1,"12:15PM",1,"2022",1,"34360","Patrick Reed","USA",FALSE,5,"Bogey","E","E","-","--","+1","+1","1",83330,"SST",5,"2 ft 8 in.","0 in.",6750.3,12141.52,80.067,FALSE,NA,1,17,6749.8,12138.72,80.111,TRUE,"OGR",NA,TRUE,NA,NA,NA,NA,NA,NA,NA,NA,NA,NA,NA,NA,NA,"NA","NA","NA","NA","NA","NA","NA"
"016","R",1,"656",1,"12:15PM",1,"2022",1,"50525","Collin Morikawa","USA",FALSE,5,"Birdie","E","E","-","--","-1","-1","1",79334,"SST",1,"347 yds","157 yds",8246.6,11959.74,194.947,FALSE,"Left Fairway",1,17,7215.8,12077.94,105.394,FALSE,"OTB","ELF",FALSE,NA,NA,NA,NA,NA,NA,NA,NA,NA,NA,NA,NA,NA,"NA","NA","NA","NA","NA","NA","NA"
"016","R",1,"656",1,"12:15PM",1,"2022",1,"50525","Collin Morikawa","USA",FALSE,5,"Birdie","E","E","-","--","-1","-1","1",81107,"SST",2,"153 yds","10 ft 9 in.",7215.8,12077.94,105.394,FALSE,"Green",1,17,6760.7,12139.19,80.088,FALSE,"OFW","OGR",FALSE,NA,NA,NA,NA,NA,NA,NA,NA,NA,NA,NA,NA,NA,"NA","NA","NA","NA","NA","NA","NA"
"016","R",1,"656",1,"12:15PM",1,"2022",1,"50525","Collin Morikawa","USA",FALSE,5,"Birdie","E","E","-","--","-1","-1","1",82669,"SST",3,"10 ft 9 in.","0 in.",6760.7,12139.19,80.088,FALSE,NA,1,17,6749.8,12138.72,80.111,TRUE,"OGR",NA,TRUE,NA,NA,NA,NA,NA,NA,NA,NA,NA,NA,NA,NA,NA,"NA","NA","NA","NA","NA","NA","NA"
"016","R",1,"656",1,"12:25PM",1,"2022",1,"33448","Justin Thomas","USA",FALSE,5,"Par","E","E","-","--","E","E","1",82641,"SST",1,"362 yds","142 yds",8246.6,11959.74,194.947,FALSE,"Right Intermediate",1,18,7173.6,12109.41,102.388,FALSE,"OTB","ERI",FALSE,NA,NA,NA,NA,NA,NA,NA,NA,NA,NA,NA,NA,NA,"NA","NA","NA","NA","NA","NA","NA"
"016","R",1,"656",1,"12:25PM",1,"2022",1,"33448","Justin Thomas","USA",FALSE,5,"Par","E","E","-","--","E","E","1",84478,"SST",2,"157 yds","46 ft 0 in.",7173.6,12109.41,102.388,FALSE,"Green",1,18,6704.1,12145.3,80.41,FALSE,"OIR","OGR",FALSE,NA,NA,NA,NA,NA,NA,NA,NA,NA,NA,NA,NA,NA,"NA","NA","NA","NA","NA","NA","NA"
"016","R",1,"656",1,"12:25PM",1,"2022",1,"33448","Justin Thomas","USA",FALSE,5,"Par","E","E","-","--","E","E","1",85828,"SST",3,"47 ft 1 in.","12 in.",6704.1,12145.3,80.41,FALSE,"Green",1,18,6750.6,12137.78,80.126,TRUE,"OGR","OGR",FALSE,NA,NA,NA,NA,NA,NA,NA,NA,NA,NA,NA,NA,NA,"NA","NA","NA","NA","NA","NA","NA"
"016","R",1,"656",1,"12:25PM",1,"2022",1,"33448","Justin Thomas","USA",FALSE,5,"Par","E","E","-","--","E","E","1",85845,"SST",4,"12 in.","0 in.",6750.6,12137.78,80.126,FALSE,NA,1,18,6749.8,12138.72,80.111,TRUE,"OGR",NA,TRUE,NA,NA,NA,NA,NA,NA,NA,NA,NA,NA,NA,NA,NA,"NA","NA","NA","NA","NA","NA","NA"
"016","R",1,"656",1,"12:25PM",1,"2022",1,"34046","Jordan Spieth","USA",FALSE,5,"Par","E","E","-","--","E","E","1",82384,"SST",1,"365 yds","140 yds",8246.6,11959.74,194.947,FALSE,"Right Rough",1,18,7169.5,12127.97,103.262,FALSE,"OTB","ERR",FALSE,NA,NA,NA,NA,NA,NA,NA,NA,NA,NA,NA,NA,NA,"NA","NA","NA","NA","NA","NA","NA"
"016","R",1,"656",1,"12:25PM",1,"2022",1,"34046","Jordan Spieth","USA",FALSE,5,"Par","E","E","-","--","E","E","1",84605,"SST",2,"136 yds","31 ft 11 in.",7169.5,12127.97,103.262,FALSE,"Green",1,18,6762.1,12109.07,80.33,FALSE,"ORO","OGR",FALSE,NA,NA,NA,NA,NA,NA,NA,NA,NA,NA,NA,NA,NA,"NA","NA","NA","NA","NA","NA","NA"
"016","R",1,"656",1,"12:25PM",1,"2022",1,"34046","Jordan Spieth","USA",FALSE,5,"Par","E","E","-","--","E","E","1",86061,"SST",3,"31 ft 4 in.","11 in.",6762.1,12109.07,80.33,FALSE,"Green",1,18,6749.4,12137.68,80.12,TRUE,"OGR","OGR",FALSE,NA,NA,NA,NA,NA,NA,NA,NA,NA,NA,NA,NA,NA,"NA","NA","NA","NA","NA","NA","NA"
"016","R",1,"656",1,"12:25PM",1,"2022",1,"34046","Jordan Spieth","USA",FALSE,5,"Par","E","E","-","--","E","E","1",86077,"SST",4,"11 in.","0 in.",6749.4,12137.68,80.12,FALSE,NA,1,18,6749.8,12138.72,80.111,TRUE,"OGR",NA,TRUE,NA,NA,NA,NA,NA,NA,NA,NA,NA,NA,NA,NA,NA,"NA","NA","NA","NA","NA","NA","NA"
"016","R",1,"656",1,"12:35PM",1,"2022",1,"46970","Jon Rahm","ESP",FALSE,5,"Par","E","E","-","--","E","E","1",85863,"SST",1,"357 yds","148 yds",8246.6,11959.74,194.947,FALSE,"Right Fairway",1,19,7190.8,12104.28,103.665,FALSE,"OTB","ERF",FALSE,NA,NA,NA,NA,NA,NA,NA,NA,NA,NA,NA,NA,NA,"NA","NA","NA","NA","NA","NA","NA"
"016","R",1,"656",1,"12:35PM",1,"2022",1,"46970","Jon Rahm","ESP",FALSE,5,"Par","E","E","-","--","E","E","1",87173,"SST",2,"143 yds","16 ft 1 in.",7190.8,12104.28,103.665,FALSE,"Green",1,19,6764.7,12145.26,79.953,FALSE,"OFW","OGR",FALSE,NA,NA,NA,NA,NA,NA,NA,NA,NA,NA,NA,NA,NA,"NA","NA","NA","NA","NA","NA","NA"
"016","R",1,"656",1,"12:35PM",1,"2022",1,"46970","Jon Rahm","ESP",FALSE,5,"Par","E","E","-","--","E","E","1",89204,"SST",3,"15 ft 8 in.","12 in.",6764.7,12145.26,79.953,FALSE,"Green",1,19,6750,12139.91,80.094,TRUE,"OGR","OGR",FALSE,NA,NA,NA,NA,NA,NA,NA,NA,NA,NA,NA,NA,NA,"NA","NA","NA","NA","NA","NA","NA"
"016","R",1,"656",1,"12:35PM",1,"2022",1,"46970","Jon Rahm","ESP",FALSE,5,"Par","E","E","-","--","E","E","1",89353,"SST",4,"12 in.","0 in.",6750,12139.91,80.094,FALSE,NA,1,19,6749.8,12138.72,80.111,TRUE,"OGR",NA,TRUE,NA,NA,NA,NA,NA,NA,NA,NA,NA,NA,NA,NA,NA,"NA","NA","NA","NA","NA","NA","NA"
"016","R",1,"656",1,"12:35PM",1,"2022",1,"48081","Xander Schauffele","USA",FALSE,5,"Par","E","E","-","--","E","E","1",86069,"SST",1,"368 yds","137 yds",8246.6,11959.74,194.947,FALSE,"Right Rough",1,19,7159.6,12119.78,102.032,FALSE,"OTB","ERR",FALSE,NA,NA,NA,NA,NA,NA,NA,NA,NA,NA,NA,NA,NA,"NA","NA","NA","NA","NA","NA","NA"
"016","R",1,"656",1,"12:35PM",1,"2022",1,"48081","Xander Schauffele","USA",FALSE,5,"Par","E","E","-","--","E","E","1",87325,"SST",2,"150 yds","44 ft 6 in.",7159.6,12119.78,102.032,FALSE,"Green",1,19,6711.6,12115.61,80.583,FALSE,"ORO","OGR",FALSE,NA,NA,NA,NA,NA,NA,NA,NA,NA,NA,NA,NA,NA,"NA","NA","NA","NA","NA","NA","NA"
"016","R",1,"656",1,"12:35PM",1,"2022",1,"48081","Xander Schauffele","USA",FALSE,5,"Par","E","E","-","--","E","E","1",88952,"SST",3,"41 ft 9 in.","3 ft 2 in.",6711.6,12115.61,80.583,FALSE,"Green",1,19,6748.2,12135.77,80.128,TRUE,"OGR","OGR",FALSE,NA,NA,NA,NA,NA,NA,NA,NA,NA,NA,NA,NA,NA,"NA","NA","NA","NA","NA","NA","NA"
"016","R",1,"656",1,"12:35PM",1,"2022",1,"48081","Xander Schauffele","USA",FALSE,5,"Par","E","E","-","--","E","E","1",89694,"SST",4,"3 ft 2 in.","0 in.",6748.2,12135.77,80.128,FALSE,NA,1,19,6749.8,12138.72,80.111,TRUE,"OGR",NA,TRUE,NA,NA,NA,NA,NA,NA,NA,NA,NA,NA,NA,NA,NA,"NA","NA","NA","NA","NA","NA","NA"
"016","R",1,"656",1,"12:45PM",1,"2022",1,"34099","Harris English","USA",FALSE,6,"Par","E","E","-","--","E","E","1",89280,"SST",1,"278 yds","236 yds",8246.6,11959.74,194.947,FALSE,"Right Fairway",1,20,7452.3,12208.89,141.338,FALSE,"OTB","ERF",FALSE,NA,NA,NA,NA,NA,NA,NA,NA,NA,NA,NA,NA,NA,"NA","NA","NA","NA","NA","NA","NA"
"016","R",1,"656",1,"12:45PM",1,"2022",1,"34099","Harris English","USA",FALSE,6,"Par","E","E","-","--","E","E","1",90396,"SST",2,"231 yds","65 ft 8 in.",7452.3,12208.89,141.338,FALSE,"Left Fairway",1,20,6775.8,12078.3,82.021,FALSE,"OFW","ELF",FALSE,NA,NA,NA,NA,NA,NA,NA,NA,NA,NA,NA,NA,NA,"NA","NA","NA","NA","NA","NA","NA"
"016","R",1,"656",1,"12:45PM",1,"2022",1,"34099","Harris English","USA",FALSE,6,"Par","E","E","-","--","E","E","1",91678,"SST",3,"72 ft 4 in.","7 ft 1 in.",6775.8,12078.3,82.021,FALSE,"Green",1,20,6744.2,12143.29,80.005,FALSE,"OFW","OGR",FALSE,NA,NA,NA,NA,NA,NA,NA,NA,NA,NA,NA,NA,NA,"NA","NA","NA","NA","NA","NA","NA"
"016","R",1,"656",1,"12:45PM",1,"2022",1,"34099","Harris English","USA",FALSE,6,"Par","E","E","-","--","E","E","1",93252,"SST",4,"7 ft 1 in.","0 in.",6744.2,12143.29,80.005,FALSE,NA,1,20,6749.8,12138.72,80.111,TRUE,"OGR",NA,TRUE,NA,NA,NA,NA,NA,NA,NA,NA,NA,NA,NA,NA,NA,"NA","NA","NA","NA","NA","NA","NA"
"016","R",1,"656",1,"12:45PM",1,"2022",1,"35450","Patrick Cantlay","USA",FALSE,6,"Bogey","E","E","-","--","+1","+1","1",89064,"SST",1,"361 yds","145 yds",8246.6,11959.74,194.947,FALSE,"Left Rough",1,20,7168.4,12022.06,98.782,FALSE,"OTB","ELR",FALSE,NA,NA,NA,NA,NA,NA,NA,NA,NA,NA,NA,NA,NA,"NA","NA","NA","NA","NA","NA","NA"
"016","R",1,"656",1,"12:45PM",1,"2022",1,"35450","Patrick Cantlay","USA",FALSE,6,"Bogey","E","E","-","--","+1","+1","1",90540,"SST",2,"130 yds","55 ft 1 in.",7168.4,12022.06,98.782,FALSE,"Right Fairway",1,20,6786.9,12097.69,79.914,FALSE,"ORO","ERF",FALSE,NA,NA,NA,NA,NA,NA,NA,NA,NA,NA,NA,NA,NA,"NA","NA","NA","NA","NA","NA","NA"
"016","R",1,"656",1,"12:45PM",1,"2022",1,"35450","Patrick Cantlay","USA",FALSE,6,"Bogey","E","E","-","--","+1","+1","1",92144,"SST",3,"65 ft 6 in.","10 ft 8 in.",6786.9,12097.69,79.914,FALSE,"Green",1,20,6745.9,12148.84,79.93,FALSE,"OFW","OGR",FALSE,NA,NA,NA,NA,NA,NA,NA,NA,NA,NA,NA,NA,NA,"NA","NA","NA","NA","NA","NA","NA"
"016","R",1,"656",1,"12:45PM",1,"2022",1,"35450","Patrick Cantlay","USA",FALSE,6,"Bogey","E","E","-","--","+1","+1","1",93022,"SST",4,"12 ft 11 in.","2 ft 1 in.",6745.9,12148.84,79.93,FALSE,"Green",1,20,6749.7,12136.48,80.135,TRUE,"OGR","OGR",FALSE,NA,NA,NA,NA,NA,NA,NA,NA,NA,NA,NA,NA,NA,"NA","NA","NA","NA","NA","NA","NA"
"016","R",1,"656",1,"12:45PM",1,"2022",1,"35450","Patrick Cantlay","USA",FALSE,6,"Bogey","E","E","-","--","+1","+1","1",93091,"SST",5,"2 ft 1 in.","0 in.",6749.7,12136.48,80.135,FALSE,NA,1,20,6749.8,12138.72,80.111,TRUE,"OGR",NA,TRUE,NA,NA,NA,NA,NA,NA,NA,NA,NA,NA,NA,NA,NA,"NA","NA","NA","NA","NA","NA","NA"
"016","R",1,"656",2,"9:40AM",1,"2022",1,"34076","Joel Dahmen","USA",FALSE,0,"Par","E","E","T1","1","E","E","2",57923,"SST",1,"226 yds","73 ft 7 in.",6393.1,12054.31,85.487,FALSE,"Left Fairway",1,2,6043.1,11473.52,84.102,FALSE,"OTB","ELF",FALSE,NA,NA,NA,NA,NA,NA,NA,NA,NA,NA,NA,NA,NA,"NA","NA","NA","NA","NA","NA","NA"
"016","R",1,"656",2,"9:40AM",1,"2022",1,"34076","Joel Dahmen","USA",FALSE,0,"Par","E","E","T1","1","E","E","2",58023,"SST",2,"74 ft 8 in.","4 ft 11 in.",6043.1,11473.52,84.102,FALSE,"Green",1,2,5982.3,11516.7,82.353,FALSE,"OFW","OGR",FALSE,NA,NA,NA,NA,NA,NA,NA,NA,NA,NA,NA,NA,NA,"NA","NA","NA","NA","NA","NA","NA"
"016","R",1,"656",2,"9:40AM",1,"2022",1,"34076","Joel Dahmen","USA",FALSE,0,"Par","E","E","T1","1","E","E","2",58077,"SST",3,"4 ft 11 in.","0 in.",5982.3,11516.7,82.353,FALSE,NA,1,2,5980.2,11512.04,82.468,TRUE,"OGR",NA,TRUE,NA,NA,NA,NA,NA,NA,NA,NA,NA,NA,NA,NA,NA,"NA","NA","NA","NA","NA","NA","NA"
"016","R",1,"656",2,"9:40AM",1,"2022",1,"54421","Garrick Higgo","RSA",FALSE,0,"Par","E","E","T1","1","E","E","2",57906,"SST",1,"228 yds","21 ft 4 in.",6393.1,12054.31,85.487,FALSE,"Green",1,2,5962.2,11523.83,81.843,FALSE,"OTB","OGR",FALSE,NA,NA,NA,NA,NA,NA,NA,NA,NA,NA,NA,NA,NA,"NA","NA","NA","NA","NA","NA","NA"
"016","R",1,"656",2,"9:40AM",1,"2022",1,"54421","Garrick Higgo","RSA",FALSE,0,"Par","E","E","T1","1","E","E","2",58048,"SST",2,"19 ft 4 in.","2 ft 6 in.",5962.2,11523.83,81.843,FALSE,"Green",1,2,5979.1,11514.44,82.402,TRUE,"OGR","OGR",FALSE,NA,NA,NA,NA,NA,NA,NA,NA,NA,NA,NA,NA,NA,"NA","NA","NA","NA","NA","NA","NA"
"016","R",1,"656",2,"9:40AM",1,"2022",1,"54421","Garrick Higgo","RSA",FALSE,0,"Par","E","E","T1","1","E","E","2",58056,"SST",3,"2 ft 6 in.","0 in.",5979.1,11514.44,82.402,FALSE,NA,1,2,5980.2,11512.04,82.468,TRUE,"OGR",NA,TRUE,NA,NA,NA,NA,NA,NA,NA,NA,NA,NA,NA,NA,NA,"NA","NA","NA","NA","NA","NA","NA"
"016","R",1,"656",2,"9:50AM",1,"2022",1,"36689","Brooks Koepka","USA",FALSE,1,"Par","E","E","T2","1","E","E","2",58431,"SST",1,"210 yds","93 ft 11 in.",6393.1,12054.31,85.487,FALSE,"Right Rough",1,3,5954.5,11602.06,73.183,FALSE,"OTB","ERR",FALSE,NA,NA,NA,NA,NA,NA,NA,NA,NA,NA,NA,NA,NA,"NA","NA","NA","NA","NA","NA","NA"
"016","R",1,"656",2,"9:50AM",1,"2022",1,"36689","Brooks Koepka","USA",FALSE,1,"Par","E","E","T2","1","E","E","2",58579,"SST",2,"90 ft 7 in.","3 ft 4 in.",5954.5,11602.06,73.183,FALSE,"Green",1,3,5978.8,11515.25,82.379,FALSE,"ORO","OGR",FALSE,NA,NA,NA,NA,NA,NA,NA,NA,NA,NA,NA,NA,NA,"NA","NA","NA","NA","NA","NA","NA"
"016","R",1,"656",2,"9:50AM",1,"2022",1,"36689","Brooks Koepka","USA",FALSE,1,"Par","E","E","T2","1","E","E","2",58681,"SST",3,"3 ft 4 in.","0 in.",5978.8,11515.25,82.379,FALSE,NA,1,3,5980.2,11512.04,82.468,TRUE,"OGR",NA,TRUE,NA,NA,NA,NA,NA,NA,NA,NA,NA,NA,NA,NA,NA,"NA","NA","NA","NA","NA","NA","NA"
"016","R",1,"656",2,"9:50AM",1,"2022",1,"46717","Viktor Hovland","NOR",FALSE,0,"Birdie","E","E","T1","1","-1","-1","2",58379,"SST",1,"229 yds","9 ft 10 in.",6393.1,12054.31,85.487,FALSE,"Green",1,3,5983.5,11502.58,82.699,FALSE,"OTB","OGR",FALSE,NA,NA,NA,NA,NA,NA,NA,NA,NA,NA,NA,NA,NA,"NA","NA","NA","NA","NA","NA","NA"
"016","R",1,"656",2,"9:50AM",1,"2022",1,"46717","Viktor Hovland","NOR",FALSE,0,"Birdie","E","E","T1","1","-1","-1","2",58642,"SST",2,"9 ft 10 in.","0 in.",5983.5,11502.58,82.699,FALSE,NA,1,3,5980.2,11512.04,82.468,TRUE,"OGR",NA,TRUE,NA,NA,NA,NA,NA,NA,NA,NA,NA,NA,NA,NA,NA,"NA","NA","NA","NA","NA","NA","NA"
"016","R",1,"656",2,"10:00AM",1,"2022",1,"45526","Abraham Ancer","MEX",FALSE,1,"Par","E","E","T3","1","E","E","2",59365,"SST",1,"224 yds","13 ft 4 in.",6393.1,12054.31,85.487,FALSE,"Green",1,4,5980.9,11525.5,82.059,FALSE,"OTB","OGR",FALSE,NA,NA,NA,NA,NA,NA,NA,NA,NA,NA,NA,NA,NA,"NA","NA","NA","NA","NA","NA","NA"
"016","R",1,"656",2,"10:00AM",1,"2022",1,"45526","Abraham Ancer","MEX",FALSE,1,"Par","E","E","T3","1","E","E","2",59538,"SST",2,"12 ft 0 in.","3 ft 3 in.",5980.9,11525.5,82.059,FALSE,"Green",1,4,5977.4,11514.01,82.396,TRUE,"OGR","OGR",FALSE,NA,NA,NA,NA,NA,NA,NA,NA,NA,NA,NA,NA,NA,"NA","NA","NA","NA","NA","NA","NA"
"016","R",1,"656",2,"10:00AM",1,"2022",1,"45526","Abraham Ancer","MEX",FALSE,1,"Par","E","E","T3","1","E","E","2",59553,"SST",3,"3 ft 3 in.","0 in.",5977.4,11514.01,82.396,FALSE,NA,1,4,5980.2,11512.04,82.468,TRUE,"OGR",NA,TRUE,NA,NA,NA,NA,NA,NA,NA,NA,NA,NA,NA,NA,NA,"NA","NA","NA","NA","NA","NA","NA"
"016","R",1,"656",2,"10:00AM",1,"2022",1,"46402","Talor Gooch","USA",FALSE,1,"Par","E","E","T3","1","E","E","2",59327,"SST",1,"215 yds","37 ft 0 in.",6393.1,12054.31,85.487,FALSE,"Green",1,4,5995.6,11545.83,81.724,FALSE,"OTB","OGR",FALSE,NA,NA,NA,NA,NA,NA,NA,NA,NA,NA,NA,NA,NA,"NA","NA","NA","NA","NA","NA","NA"
"016","R",1,"656",2,"10:00AM",1,"2022",1,"46402","Talor Gooch","USA",FALSE,1,"Par","E","E","T3","1","E","E","2",59491,"SST",2,"39 ft 3 in.","4 ft 3 in.",5995.6,11545.83,81.724,FALSE,"Green",1,4,5975.8,11512.02,82.41,TRUE,"OGR","OGR",FALSE,NA,NA,NA,NA,NA,NA,NA,NA,NA,NA,NA,NA,NA,"NA","NA","NA","NA","NA","NA","NA"
"016","R",1,"656",2,"10:00AM",1,"2022",1,"46402","Talor Gooch","USA",FALSE,1,"Par","E","E","T3","1","E","E","2",59495,"SST",3,"4 ft 3 in.","0 in.",5975.8,11512.02,82.41,FALSE,NA,1,4,5980.2,11512.04,82.468,TRUE,"OGR",NA,TRUE,NA,NA,NA,NA,NA,NA,NA,NA,NA,NA,NA,NA,NA,"NA","NA","NA","NA","NA","NA","NA"
"016","R",1,"656",2,"10:10AM",1,"2022",1,"29478","Kevin Kisner","USA",FALSE,2,"Par","E","E","T4","1","E","E","2",60095,"SST",1,"208 yds","61 ft 3 in.",6393.1,12054.31,85.487,FALSE,"Green",1,5,6032.7,11543.93,82.626,FALSE,"OTB","OGR",FALSE,NA,NA,NA,NA,NA,NA,NA,NA,NA,NA,NA,NA,NA,"NA","NA","NA","NA","NA","NA","NA"
"016","R",1,"656",2,"10:10AM",1,"2022",1,"29478","Kevin Kisner","USA",FALSE,2,"Par","E","E","T4","1","E","E","2",60420,"SST",2,"60 ft 11 in.","5 in.",6032.7,11543.93,82.626,FALSE,"Green",1,5,5980.6,11512.39,82.464,TRUE,"OGR","OGR",FALSE,NA,NA,NA,NA,NA,NA,NA,NA,NA,NA,NA,NA,NA,"NA","NA","NA","NA","NA","NA","NA"
"016","R",1,"656",2,"10:10AM",1,"2022",1,"29478","Kevin Kisner","USA",FALSE,2,"Par","E","E","T4","1","E","E","2",60433,"SST",3,"5 in.","0 in.",5980.6,11512.39,82.464,FALSE,NA,1,5,5980.2,11512.04,82.468,TRUE,"OGR",NA,TRUE,NA,NA,NA,NA,NA,NA,NA,NA,NA,NA,NA,NA,NA,"NA","NA","NA","NA","NA","NA","NA"
"016","R",1,"656",2,"10:10AM",1,"2022",1,"40026","Daniel Berger","USA",FALSE,2,"Birdie","E","E","T4","1","-1","-1","2",60138,"SST",1,"228 yds","4 ft 4 in.",6393.1,12054.31,85.487,FALSE,"Green",1,5,5975.7,11512.26,82.405,FALSE,"OTB","OGR",FALSE,NA,NA,NA,NA,NA,NA,NA,NA,NA,NA,NA,NA,NA,"NA","NA","NA","NA","NA","NA","NA"
"016","R",1,"656",2,"10:10AM",1,"2022",1,"40026","Daniel Berger","USA",FALSE,2,"Birdie","E","E","T4","1","-1","-1","2",60490,"SST",2,"4 ft 4 in.","0 in.",5975.7,11512.26,82.405,FALSE,NA,1,5,5980.2,11512.04,82.468,TRUE,"OGR",NA,TRUE,NA,NA,NA,NA,NA,NA,NA,NA,NA,NA,NA,NA,NA,"NA","NA","NA","NA","NA","NA","NA"
"016","R",1,"656",2,"10:20AM",1,"2022",1,"28252","Seamus Power","IRL",FALSE,1,"Par","-1","-1","T4","1","-1","-1","2",61061,"SST",1,"219 yds","41 ft 0 in.",6393.1,12054.31,85.487,FALSE,"Green",1,6,5971.2,11552.19,81.36,FALSE,"OTB","OGR",FALSE,NA,NA,NA,NA,NA,NA,NA,NA,NA,NA,NA,NA,NA,"NA","NA","NA","NA","NA","NA","NA"
"016","R",1,"656",2,"10:20AM",1,"2022",1,"28252","Seamus Power","IRL",FALSE,1,"Par","-1","-1","T4","1","-1","-1","2",61448,"SST",2,"39 ft 7 in.","18 in.",5971.2,11552.19,81.36,FALSE,"Green",1,6,5979.4,11513.5,82.428,TRUE,"OGR","OGR",FALSE,NA,NA,NA,NA,NA,NA,NA,NA,NA,NA,NA,NA,NA,"NA","NA","NA","NA","NA","NA","NA"
"016","R",1,"656",2,"10:20AM",1,"2022",1,"28252","Seamus Power","IRL",FALSE,1,"Par","-1","-1","T4","1","-1","-1","2",61477,"SST",3,"18 in.","0 in.",5979.4,11513.5,82.428,FALSE,NA,1,6,5980.2,11512.04,82.468,TRUE,"OGR",NA,TRUE,NA,NA,NA,NA,NA,NA,NA,NA,NA,NA,NA,NA,NA,"NA","NA","NA","NA","NA","NA","NA"
"016","R",1,"656",2,"10:20AM",1,"2022",1,"40006","Erik van Rooyen","RSA",FALSE,2,"Birdie","E","E","T6","1","-1","-1","2",61097,"SST",1,"229 yds","9 ft 2 in.",6393.1,12054.31,85.487,FALSE,"Green",1,6,5970.9,11512.98,82.309,FALSE,"OTB","OGR",FALSE,NA,NA,NA,NA,NA,NA,NA,NA,NA,NA,NA,NA,NA,"NA","NA","NA","NA","NA","NA","NA"
"016","R",1,"656",2,"10:20AM",1,"2022",1,"40006","Erik van Rooyen","RSA",FALSE,2,"Birdie","E","E","T6","1","-1","-1","2",61497,"SST",2,"9 ft 2 in.","0 in.",5970.9,11512.98,82.309,FALSE,NA,1,6,5980.2,11512.04,82.468,TRUE,"OGR",NA,TRUE,NA,NA,NA,NA,NA,NA,NA,NA,NA,NA,NA,NA,NA,"NA","NA","NA","NA","NA","NA","NA"
"016","R",1,"656",2,"10:30AM",1,"2022",1,"26300","Matt Jones","AUS",FALSE,3,"Par","E","E","T8","1","E","E","2",62102,"SST",1,"224 yds","15 ft 2 in.",6393.1,12054.31,85.487,FALSE,"Green",1,7,5975.8,11526.73,81.96,FALSE,"OTB","OGR",FALSE,NA,NA,NA,NA,NA,NA,NA,NA,NA,NA,NA,NA,NA,"NA","NA","NA","NA","NA","NA","NA"
"016","R",1,"656",2,"10:30AM",1,"2022",1,"26300","Matt Jones","AUS",FALSE,3,"Par","E","E","T8","1","E","E","2",62631,"SST",2,"15 ft 2 in.","15 in.",5975.8,11526.73,81.96,FALSE,"Green",1,7,5978.8,11511.85,82.458,TRUE,"OGR","OGR",FALSE,NA,NA,NA,NA,NA,NA,NA,NA,NA,NA,NA,NA,NA,"NA","NA","NA","NA","NA","NA","NA"
"016","R",1,"656",2,"10:30AM",1,"2022",1,"26300","Matt Jones","AUS",FALSE,3,"Par","E","E","T8","1","E","E","2",62639,"SST",3,"15 in.","0 in.",5978.8,11511.85,82.458,FALSE,NA,1,7,5980.2,11512.04,82.468,TRUE,"OGR",NA,TRUE,NA,NA,NA,NA,NA,NA,NA,NA,NA,NA,NA,NA,NA,"NA","NA","NA","NA","NA","NA","NA"
"016","R",1,"656",2,"10:30AM",1,"2022",1,"39058","Lucas Herbert","AUS",FALSE,3,"Par","E","E","T8","1","E","E","2",62088,"SST",1,"214 yds","74 ft 3 in.",6393.1,12054.31,85.487,FALSE,"Right Greenside Bunker",1,7,5956.5,11581.97,72.925,FALSE,"OTB","EG2",FALSE,NA,NA,NA,NA,NA,NA,NA,NA,NA,NA,NA,NA,NA,"NA","NA","NA","NA","NA","NA","NA"
"016","R",1,"656",2,"10:30AM",1,"2022",1,"39058","Lucas Herbert","AUS",FALSE,3,"Par","E","E","T8","1","E","E","2",62585,"SST",2,"74 ft 1 in.","12 in.",5956.5,11581.97,72.925,FALSE,"Green",1,7,5981.2,11512.74,82.46,FALSE,"OGS","OGR",FALSE,NA,NA,NA,NA,NA,NA,NA,NA,NA,NA,NA,NA,NA,"NA","NA","NA","NA","NA","NA","NA"
"016","R",1,"656",2,"10:30AM",1,"2022",1,"39058","Lucas Herbert","AUS",FALSE,3,"Par","E","E","T8","1","E","E","2",62609,"SST",3,"12 in.","0 in.",5981.2,11512.74,82.46,FALSE,NA,1,7,5980.2,11512.04,82.468,TRUE,"OGR",NA,TRUE,NA,NA,NA,NA,NA,NA,NA,NA,NA,NA,NA,NA,NA,"NA","NA","NA","NA","NA","NA","NA"
"016","R",1,"656",2,"10:40AM",1,"2022",1,"30944","Jason Kokrak","USA",FALSE,4,"Bogey","+1","+1","13","1","+2","+2","2",63806,"SST",1,"232 yds","34 ft 8 in.",6393.1,12054.31,85.487,FALSE,"Left Fairway",1,8,5996.7,11481.38,83.771,FALSE,"OTB","ELF",FALSE,NA,NA,NA,NA,NA,NA,NA,NA,NA,NA,NA,NA,NA,"NA","NA","NA","NA","NA","NA","NA"
"016","R",1,"656",2,"10:40AM",1,"2022",1,"30944","Jason Kokrak","USA",FALSE,4,"Bogey","+1","+1","13","1","+2","+2","2",64384,"SST",2,"44 ft 1 in.","9 ft 3 in.",5996.7,11481.38,83.771,FALSE,"Green",1,8,5977.8,11521.13,82.177,FALSE,"OFW","OGR",FALSE,NA,NA,NA,NA,NA,NA,NA,NA,NA,NA,NA,NA,NA,"NA","NA","NA","NA","NA","NA","NA"
"016","R",1,"656",2,"10:40AM",1,"2022",1,"30944","Jason Kokrak","USA",FALSE,4,"Bogey","+1","+1","13","1","+2","+2","2",64660,"SST",3,"9 ft 2 in.","3 in.",5977.8,11521.13,82.177,FALSE,"Green",1,8,5979.8,11512.21,82.462,TRUE,"OGR","OGR",FALSE,NA,NA,NA,NA,NA,NA,NA,NA,NA,NA,NA,NA,NA,"NA","NA","NA","NA","NA","NA","NA"
"016","R",1,"656",2,"10:40AM",1,"2022",1,"30944","Jason Kokrak","USA",FALSE,4,"Bogey","+1","+1","13","1","+2","+2","2",64736,"SST",4,"3 in.","0 in.",5979.8,11512.21,82.462,FALSE,NA,1,8,5980.2,11512.04,82.468,TRUE,"OGR",NA,TRUE,NA,NA,NA,NA,NA,NA,NA,NA,NA,NA,NA,NA,NA,"NA","NA","NA","NA","NA","NA","NA"
"016","R",1,"656",2,"10:40AM",1,"2022",1,"39977","Max Homa","USA",FALSE,4,"Par","E","E","T10","1","E","E","2",63697,"SST",1,"250 yds","36 yds",6393.1,12054.31,85.487,FALSE,"Right Rough",1,8,5873.3,11514.72,71.823,FALSE,"OTB","ERR",FALSE,NA,NA,NA,NA,NA,NA,NA,NA,NA,NA,NA,NA,NA,"NA","NA","NA","NA","NA","NA","NA"
"016","R",1,"656",2,"10:40AM",1,"2022",1,"39977","Max Homa","USA",FALSE,4,"Par","E","E","T10","1","E","E","2",64310,"SST",2,"37 yds","6 ft 11 in.",5873.3,11514.72,71.823,FALSE,"Green",1,8,5985,11506.83,82.624,FALSE,"ORO","OGR",FALSE,NA,NA,NA,NA,NA,NA,NA,NA,NA,NA,NA,NA,NA,"NA","NA","NA","NA","NA","NA","NA"
"016","R",1,"656",2,"10:40AM",1,"2022",1,"39977","Max Homa","USA",FALSE,4,"Par","E","E","T10","1","E","E","2",64801,"SST",3,"6 ft 11 in.","0 in.",5985,11506.83,82.624,FALSE,NA,1,8,5980.2,11512.04,82.468,TRUE,"OGR",NA,TRUE,NA,NA,NA,NA,NA,NA,NA,NA,NA,NA,NA,NA,NA,"NA","NA","NA","NA","NA","NA","NA"
"016","R",1,"656",2,"10:50AM",1,"2022",1,"25396","Kevin Na","USA",FALSE,5,"Bogey","+1","+1","T14","1","+2","+2","2",65105,"SST",1,"246 yds","58 ft 11 in.",6393.1,12054.31,85.487,FALSE,"Left Intermediate",1,9,5958.7,11457.07,79.732,FALSE,"OTB","ELI",FALSE,NA,NA,NA,NA,NA,NA,NA,NA,NA,NA,NA,NA,NA,"NA","NA","NA","NA","NA","NA","NA"
"016","R",1,"656",2,"10:50AM",1,"2022",1,"25396","Kevin Na","USA",FALSE,5,"Bogey","+1","+1","T14","1","+2","+2","2",65588,"SST",2,"66 ft 11 in.","7 ft 9 in.",5958.7,11457.07,79.732,FALSE,"Green",1,9,5984.5,11518.69,82.299,FALSE,"OIR","OGR",FALSE,NA,NA,NA,NA,NA,NA,NA,NA,NA,NA,NA,NA,NA,"NA","NA","NA","NA","NA","NA","NA"
"016","R",1,"656",2,"10:50AM",1,"2022",1,"25396","Kevin Na","USA",FALSE,5,"Bogey","+1","+1","T14","1","+2","+2","2",65869,"SST",3,"8 ft 7 in.","6 in.",5984.5,11518.69,82.299,FALSE,"Green",1,9,5979.9,11511.43,82.479,TRUE,"OGR","OGR",FALSE,NA,NA,NA,NA,NA,NA,NA,NA,NA,NA,NA,NA,NA,"NA","NA","NA","NA","NA","NA","NA"
"016","R",1,"656",2,"10:50AM",1,"2022",1,"25396","Kevin Na","USA",FALSE,5,"Bogey","+1","+1","T14","1","+2","+2","2",65922,"SST",4,"6 in.","0 in.",5979.9,11511.43,82.479,FALSE,NA,1,9,5980.2,11512.04,82.468,TRUE,"OGR",NA,TRUE,NA,NA,NA,NA,NA,NA,NA,NA,NA,NA,NA,NA,NA,"NA","NA","NA","NA","NA","NA","NA"
"016","R",1,"656",2,"10:50AM",1,"2022",1,"25900","Lucas Glover","USA",FALSE,4,"Par","E","E","T10","1","E","E","2",64935,"SST",1,"208 yds","80 ft 4 in.",6393.1,12054.31,85.487,FALSE,"Right Rough",1,9,5976,11592.16,75.949,FALSE,"OTB","ERR",FALSE,NA,NA,NA,NA,NA,NA,NA,NA,NA,NA,NA,NA,NA,"NA","NA","NA","NA","NA","NA","NA"
"016","R",1,"656",2,"10:50AM",1,"2022",1,"25900","Lucas Glover","USA",FALSE,4,"Par","E","E","T10","1","E","E","2",65501,"SST",2,"83 ft 3 in.","3 ft 8 in.",5976,11592.16,75.949,FALSE,"Green",1,9,5977.7,11509.15,82.494,FALSE,"ORO","OGR",FALSE,NA,NA,NA,NA,NA,NA,NA,NA,NA,NA,NA,NA,NA,"NA","NA","NA","NA","NA","NA","NA"
"016","R",1,"656",2,"10:50AM",1,"2022",1,"25900","Lucas Glover","USA",FALSE,4,"Par","E","E","T10","1","E","E","2",66144,"SST",3,"3 ft 8 in.","0 in.",5977.7,11509.15,82.494,FALSE,NA,1,9,5980.2,11512.04,82.468,TRUE,"OGR",NA,TRUE,NA,NA,NA,NA,NA,NA,NA,NA,NA,NA,NA,NA,NA,"NA","NA","NA","NA","NA","NA","NA"
"016","R",1,"656",2,"11:00AM",1,"2022",1,"26851","Marc Leishman","AUS",FALSE,4,"Par","E","E","T10","1","E","E","2",66615,"SST",1,"232 yds","68 ft 5 in.",6393.1,12054.31,85.487,FALSE,"Left Intermediate",1,10,6027.2,11462.07,82.71,FALSE,"OTB","ELI",FALSE,NA,NA,NA,NA,NA,NA,NA,NA,NA,NA,NA,NA,NA,"NA","NA","NA","NA","NA","NA","NA"
"016","R",1,"656",2,"11:00AM",1,"2022",1,"26851","Marc Leishman","AUS",FALSE,4,"Par","E","E","T10","1","E","E","2",67438,"SST",2,"74 ft 6 in.","6 ft 0 in.",6027.2,11462.07,82.71,FALSE,"Green",1,10,5974.8,11515.06,82.341,FALSE,"OIR","OGR",FALSE,NA,NA,NA,NA,NA,NA,NA,NA,NA,NA,NA,NA,NA,"NA","NA","NA","NA","NA","NA","NA"
"016","R",1,"656",2,"11:00AM",1,"2022",1,"26851","Marc Leishman","AUS",FALSE,4,"Par","E","E","T10","1","E","E","2",67805,"SST",3,"6 ft 0 in.","0 in.",5974.8,11515.06,82.341,FALSE,NA,1,10,5980.2,11512.04,82.468,TRUE,"OGR",NA,TRUE,NA,NA,NA,NA,NA,NA,NA,NA,NA,NA,NA,NA,NA,"NA","NA","NA","NA","NA","NA","NA"
"016","R",1,"656",2,"11:00AM",1,"2022",1,"35891","Cameron Smith","AUS",FALSE,4,"Bogey","E","E","T10","1","+1","+1","2",66723,"SST",1,"244 yds","72 ft 3 in.",6393.1,12054.31,85.487,FALSE,"Right Intermediate",1,10,5908.2,11506.73,76.463,FALSE,"OTB","ERI",FALSE,NA,NA,NA,NA,NA,NA,NA,NA,NA,NA,NA,NA,NA,"NA","NA","NA","NA","NA","NA","NA"
"016","R",1,"656",2,"11:00AM",1,"2022",1,"35891","Cameron Smith","AUS",FALSE,4,"Bogey","E","E","T10","1","+1","+1","2",67516,"SST",2,"61 ft 11 in.","11 ft 11 in.",5908.2,11506.73,76.463,FALSE,"Green",1,10,5969.1,11516.73,82.208,FALSE,"OIR","OGR",FALSE,NA,NA,NA,NA,NA,NA,NA,NA,NA,NA,NA,NA,NA,"NA","NA","NA","NA","NA","NA","NA"
"016","R",1,"656",2,"11:00AM",1,"2022",1,"35891","Cameron Smith","AUS",FALSE,4,"Bogey","E","E","T10","1","+1","+1","2",67715,"SST",3,"12 ft 5 in.","8 in.",5969.1,11516.73,82.208,FALSE,"Green",1,10,5980.8,11512.57,82.461,TRUE,"OGR","OGR",FALSE,NA,NA,NA,NA,NA,NA,NA,NA,NA,NA,NA,NA,NA,"NA","NA","NA","NA","NA","NA","NA"
"016","R",1,"656",2,"11:00AM",1,"2022",1,"35891","Cameron Smith","AUS",FALSE,4,"Bogey","E","E","T10","1","+1","+1","2",67752,"SST",4,"8 in.","0 in.",5980.8,11512.57,82.461,FALSE,NA,1,10,5980.2,11512.04,82.468,TRUE,"OGR",NA,TRUE,NA,NA,NA,NA,NA,NA,NA,NA,NA,NA,NA,NA,NA,"NA","NA","NA","NA","NA","NA","NA"
"016","R",1,"656",2,"11:10AM",1,"2022",1,"29420","Billy Horschel","USA",FALSE,4,"Par","E","E","T11","1","E","E","2",68402,"SST",1,"208 yds","72 ft 3 in.",6393.1,12054.31,85.487,FALSE,"Green",1,11,6049.1,11534.44,83.247,FALSE,"OTB","OGR",FALSE,NA,NA,NA,NA,NA,NA,NA,NA,NA,NA,NA,NA,NA,"NA","NA","NA","NA","NA","NA","NA"
"016","R",1,"656",2,"11:10AM",1,"2022",1,"29420","Billy Horschel","USA",FALSE,4,"Par","E","E","T11","1","E","E","2",69352,"SST",2,"69 ft 6 in.","5 ft 3 in.",6049.1,11534.44,83.247,FALSE,"Green",1,11,5984.5,11508.67,82.581,TRUE,"OGR","OGR",FALSE,NA,NA,NA,NA,NA,NA,NA,NA,NA,NA,NA,NA,NA,"NA","NA","NA","NA","NA","NA","NA"
"016","R",1,"656",2,"11:10AM",1,"2022",1,"29420","Billy Horschel","USA",FALSE,4,"Par","E","E","T11","1","E","E","2",69615,"SST",3,"5 ft 3 in.","0 in.",5984.5,11508.67,82.581,FALSE,NA,1,11,5980.2,11512.04,82.468,TRUE,"OGR",NA,TRUE,NA,NA,NA,NA,NA,NA,NA,NA,NA,NA,NA,NA,NA,"NA","NA","NA","NA","NA","NA","NA"
"016","R",1,"656",2,"11:10AM",1,"2022",1,"47504","Sam Burns","USA",FALSE,4,"Par","E","E","T11","1","E","E","2",68216,"SST",1,"236 yds","28 ft 0 in.",6393.1,12054.31,85.487,FALSE,"Left Fairway",1,11,5975.4,11484.28,82.87,FALSE,"OTB","ELF",FALSE,NA,NA,NA,NA,NA,NA,NA,NA,NA,NA,NA,NA,NA,"NA","NA","NA","NA","NA","NA","NA"
"016","R",1,"656",2,"11:10AM",1,"2022",1,"47504","Sam Burns","USA",FALSE,4,"Par","E","E","T11","1","E","E","2",69539,"SST",2,"23 ft 11 in.","4 ft 1 in.",5975.4,11484.28,82.87,FALSE,"Green",1,11,5979.4,11507.86,82.54,FALSE,"OFW","OGR",FALSE,NA,NA,NA,NA,NA,NA,NA,NA,NA,NA,NA,NA,NA,"NA","NA","NA","NA","NA","NA","NA"
"016","R",1,"656",2,"11:10AM",1,"2022",1,"47504","Sam Burns","USA",FALSE,4,"Par","E","E","T11","1","E","E","2",69647,"SST",3,"4 ft 1 in.","0 in.",5979.4,11507.86,82.54,FALSE,NA,1,11,5980.2,11512.04,82.468,TRUE,"OGR",NA,TRUE,NA,NA,NA,NA,NA,NA,NA,NA,NA,NA,NA,NA,NA,"NA","NA","NA","NA","NA","NA","NA"
"016","R",1,"656",2,"11:25AM",1,"2022",1,"20229","Stewart Cink","USA",FALSE,4,"Par","E","E","T12","1","E","E","2",71685,"SST",1,"220 yds","47 ft 10 in.",6393.1,12054.31,85.487,FALSE,"Fringe",1,12,6027.7,11505.22,83.577,FALSE,"OTB","OCO",FALSE,NA,NA,NA,NA,NA,NA,NA,NA,NA,NA,NA,NA,NA,"NA","NA","NA","NA","NA","NA","NA"
"016","R",1,"656",2,"11:25AM",1,"2022",1,"20229","Stewart Cink","USA",FALSE,4,"Par","E","E","T12","1","E","E","2",72073,"SST",2,"43 ft 2 in.","5 ft 8 in.",6027.7,11505.22,83.577,FALSE,"Green",1,12,5985.5,11514.48,82.437,FALSE,"OCO","OGR",FALSE,NA,NA,NA,NA,NA,NA,NA,NA,NA,NA,NA,NA,NA,"NA","NA","NA","NA","NA","NA","NA"
"016","R",1,"656",2,"11:25AM",1,"2022",1,"20229","Stewart Cink","USA",FALSE,4,"Par","E","E","T12","1","E","E","2",72791,"SST",3,"5 ft 8 in.","0 in.",5985.5,11514.48,82.437,FALSE,NA,1,12,5980.2,11512.04,82.468,TRUE,"OGR",NA,TRUE,NA,NA,NA,NA,NA,NA,NA,NA,NA,NA,NA,NA,NA,"NA","NA","NA","NA","NA","NA","NA"
"016","R",1,"656",2,"11:25AM",1,"2022",1,"32791","K.H. Lee","KOR",FALSE,4,"Par","E","E","T12","1","E","E","2",71552,"SST",1,"221 yds","40 ft 1 in.",6393.1,12054.31,85.487,FALSE,"Green",1,12,6020.2,11507.51,83.222,FALSE,"OTB","OGR",FALSE,NA,NA,NA,NA,NA,NA,NA,NA,NA,NA,NA,NA,NA,"NA","NA","NA","NA","NA","NA","NA"
"016","R",1,"656",2,"11:25AM",1,"2022",1,"32791","K.H. Lee","KOR",FALSE,4,"Par","E","E","T12","1","E","E","2",72366,"SST",2,"37 ft 2 in.","3 ft 11 in.",6020.2,11507.51,83.222,FALSE,"Green",1,12,5983.7,11514.14,82.44,TRUE,"OGR","OGR",FALSE,NA,NA,NA,NA,NA,NA,NA,NA,NA,NA,NA,NA,NA,"NA","NA","NA","NA","NA","NA","NA"
"016","R",1,"656",2,"11:25AM",1,"2022",1,"32791","K.H. Lee","KOR",FALSE,4,"Par","E","E","T12","1","E","E","2",73097,"SST",3,"3 ft 11 in.","0 in.",5983.7,11514.14,82.44,FALSE,NA,1,12,5980.2,11512.04,82.468,TRUE,"OGR",NA,TRUE,NA,NA,NA,NA,NA,NA,NA,NA,NA,NA,NA,NA,NA,"NA","NA","NA","NA","NA","NA","NA"
"016","R",1,"656",2,"11:35AM",1,"2022",1,"39971","Sungjae Im","KOR",FALSE,5,"Par","E","E","T13","1","E","E","2",73559,"SST",1,"233 yds","29 ft 4 in.",6393.1,12054.31,85.487,FALSE,"Green",1,13,5950.8,11514.83,82.014,FALSE,"OTB","OGR",FALSE,NA,NA,NA,NA,NA,NA,NA,NA,NA,NA,NA,NA,NA,"NA","NA","NA","NA","NA","NA","NA"
"016","R",1,"656",2,"11:35AM",1,"2022",1,"39971","Sungjae Im","KOR",FALSE,5,"Par","E","E","T13","1","E","E","2",74841,"SST",2,"31 ft 11 in.","2 ft 7 in.",5950.8,11514.83,82.014,FALSE,"Green",1,13,5982.7,11513.32,82.456,TRUE,"OGR","OGR",FALSE,NA,NA,NA,NA,NA,NA,NA,NA,NA,NA,NA,NA,NA,"NA","NA","NA","NA","NA","NA","NA"
"016","R",1,"656",2,"11:35AM",1,"2022",1,"39971","Sungjae Im","KOR",FALSE,5,"Par","E","E","T13","1","E","E","2",74925,"SST",3,"2 ft 7 in.","0 in.",5982.7,11513.32,82.456,FALSE,NA,1,13,5980.2,11512.04,82.468,TRUE,"OGR",NA,TRUE,NA,NA,NA,NA,NA,NA,NA,NA,NA,NA,NA,NA,NA,"NA","NA","NA","NA","NA","NA","NA"
"016","R",1,"656",2,"11:35AM",1,"2022",1,"45157","Cam Davis","AUS",FALSE,5,"Bogey","E","E","T13","1","+1","+1","2",73668,"SST",1,"191 yds","37 yds",6393.1,12054.31,85.487,FALSE,"Right Rough",1,13,6029.3,11612.54,77.876,FALSE,"OTB","ERR",FALSE,NA,NA,NA,NA,NA,NA,NA,NA,NA,NA,NA,NA,NA,"NA","NA","NA","NA","NA","NA","NA"
"016","R",1,"656",2,"11:35AM",1,"2022",1,"45157","Cam Davis","AUS",FALSE,5,"Bogey","E","E","T13","1","+1","+1","2",74443,"SST",2,"96 ft 5 in.","15 ft 10 in.",6029.3,11612.54,77.876,FALSE,"Green",1,13,5983.8,11527.62,81.999,FALSE,"ORO","OGR",FALSE,NA,NA,NA,NA,NA,NA,NA,NA,NA,NA,NA,NA,NA,"NA","NA","NA","NA","NA","NA","NA"
"016","R",1,"656",2,"11:35AM",1,"2022",1,"45157","Cam Davis","AUS",FALSE,5,"Bogey","E","E","T13","1","+1","+1","2",75061,"SST",3,"16 ft 10 in.","8 in.",5983.8,11527.62,81.999,FALSE,"Green",1,13,5979.9,11511.26,82.483,TRUE,"OGR","OGR",FALSE,NA,NA,NA,NA,NA,NA,NA,NA,NA,NA,NA,NA,NA,"NA","NA","NA","NA","NA","NA","NA"
"016","R",1,"656",2,"11:35AM",1,"2022",1,"45157","Cam Davis","AUS",FALSE,5,"Bogey","E","E","T13","1","+1","+1","2",75079,"SST",4,"8 in.","0 in.",5979.9,11511.26,82.483,FALSE,NA,1,13,5980.2,11512.04,82.468,TRUE,"OGR",NA,TRUE,NA,NA,NA,NA,NA,NA,NA,NA,NA,NA,NA,NA,NA,"NA","NA","NA","NA","NA","NA","NA"
"016","R",1,"656",2,"11:45AM",1,"2022",1,"29974","Branden Grace","RSA",FALSE,5,"Par","E","E","T14","1","E","E","2",75518,"SST",1,"225 yds","40 ft 9 in.",6393.1,12054.31,85.487,FALSE,"Fringe",1,14,5953,11542.53,81.284,FALSE,"OTB","OCO",FALSE,NA,NA,NA,NA,NA,NA,NA,NA,NA,NA,NA,NA,NA,"NA","NA","NA","NA","NA","NA","NA"
"016","R",1,"656",2,"11:45AM",1,"2022",1,"29974","Branden Grace","RSA",FALSE,5,"Par","E","E","T14","1","E","E","2",76378,"SST",2,"40 ft 2 in.","18 in.",5953,11542.53,81.284,FALSE,"Green",1,14,5978.6,11511.65,82.46,FALSE,"OCO","OGR",FALSE,NA,NA,NA,NA,NA,NA,NA,NA,NA,NA,NA,NA,NA,"NA","NA","NA","NA","NA","NA","NA"
"016","R",1,"656",2,"11:45AM",1,"2022",1,"29974","Branden Grace","RSA",FALSE,5,"Par","E","E","T14","1","E","E","2",76728,"SST",3,"18 in.","0 in.",5978.6,11511.65,82.46,FALSE,NA,1,14,5980.2,11512.04,82.468,TRUE,"OGR",NA,TRUE,NA,NA,NA,NA,NA,NA,NA,NA,NA,NA,NA,NA,NA,"NA","NA","NA","NA","NA","NA","NA"
"016","R",1,"656",2,"11:45AM",1,"2022",1,"37455","Si Woo Kim","KOR",FALSE,5,"Par","E","E","T14","1","E","E","2",75724,"SST",1,"226 yds","18 ft 9 in.",6393.1,12054.31,85.487,FALSE,"Green",1,14,5997.4,11504.28,82.83,FALSE,"OTB","OGR",FALSE,NA,NA,NA,NA,NA,NA,NA,NA,NA,NA,NA,NA,NA,"NA","NA","NA","NA","NA","NA","NA"
"016","R",1,"656",2,"11:45AM",1,"2022",1,"37455","Si Woo Kim","KOR",FALSE,5,"Par","E","E","T14","1","E","E","2",76603,"SST",2,"17 ft 5 in.","2 ft 2 in.",5997.4,11504.28,82.83,FALSE,"Green",1,14,5982.3,11512.93,82.464,TRUE,"OGR","OGR",FALSE,NA,NA,NA,NA,NA,NA,NA,NA,NA,NA,NA,NA,NA,"NA","NA","NA","NA","NA","NA","NA"
"016","R",1,"656",2,"11:45AM",1,"2022",1,"37455","Si Woo Kim","KOR",FALSE,5,"Par","E","E","T14","1","E","E","2",76692,"SST",3,"2 ft 2 in.","0 in.",5982.3,11512.93,82.464,FALSE,NA,1,14,5980.2,11512.04,82.468,TRUE,"OGR",NA,TRUE,NA,NA,NA,NA,NA,NA,NA,NA,NA,NA,NA,NA,NA,"NA","NA","NA","NA","NA","NA","NA"
"016","R",1,"656",2,"11:55AM",1,"2022",1,"29725","Tony Finau","USA",FALSE,5,"Bogey","E","E","T14","1","+1","+1","2",77897,"SST",1,"247 yds","76 ft 1 in.",6393.1,12054.31,85.487,FALSE,"Right Rough",1,15,5905.8,11496.42,76.739,FALSE,"OTB","ERR",FALSE,NA,NA,NA,NA,NA,NA,NA,NA,NA,NA,NA,NA,NA,"NA","NA","NA","NA","NA","NA","NA"
"016","R",1,"656",2,"11:55AM",1,"2022",1,"29725","Tony Finau","USA",FALSE,5,"Bogey","E","E","T14","1","+1","+1","2",78765,"SST",2,"64 ft 0 in.","12 ft 1 in.",5905.8,11496.42,76.739,FALSE,"Green",1,15,5968.2,11509.84,82.349,FALSE,"ORO","OGR",FALSE,NA,NA,NA,NA,NA,NA,NA,NA,NA,NA,NA,NA,NA,"NA","NA","NA","NA","NA","NA","NA"
"016","R",1,"656",2,"11:55AM",1,"2022",1,"29725","Tony Finau","USA",FALSE,5,"Bogey","E","E","T14","1","+1","+1","2",79330,"SST",3,"13 ft 5 in.","14 in.",5968.2,11509.84,82.349,FALSE,"Green",1,15,5981.4,11511.5,82.489,TRUE,"OGR","OGR",FALSE,NA,NA,NA,NA,NA,NA,NA,NA,NA,NA,NA,NA,NA,"NA","NA","NA","NA","NA","NA","NA"
"016","R",1,"656",2,"11:55AM",1,"2022",1,"29725","Tony Finau","USA",FALSE,5,"Bogey","E","E","T14","1","+1","+1","2",79461,"SST",4,"14 in.","0 in.",5981.4,11511.5,82.489,FALSE,NA,1,15,5980.2,11512.04,82.468,TRUE,"OGR",NA,TRUE,NA,NA,NA,NA,NA,NA,NA,NA,NA,NA,NA,NA,NA,"NA","NA","NA","NA","NA","NA","NA"
"016","R",1,"656",2,"11:55AM",1,"2022",1,"47959","Bryson DeChambeau","USA",FALSE,5,"Par","E","E","T14","1","E","E","2",78004,"SST",1,"229 yds","14 ft 6 in.",6393.1,12054.31,85.487,FALSE,"Green",1,15,5987.3,11499.26,82.835,FALSE,"OTB","OGR",FALSE,NA,NA,NA,NA,NA,NA,NA,NA,NA,NA,NA,NA,NA,"NA","NA","NA","NA","NA","NA","NA"
"016","R",1,"656",2,"11:55AM",1,"2022",1,"47959","Bryson DeChambeau","USA",FALSE,5,"Par","E","E","T14","1","E","E","2",79093,"SST",2,"19 ft 7 in.","4 ft 10 in.",5987.3,11499.26,82.835,FALSE,"Green",1,15,5977.3,11516.06,82.349,TRUE,"OGR","OGR",FALSE,NA,NA,NA,NA,NA,NA,NA,NA,NA,NA,NA,NA,NA,"NA","NA","NA","NA","NA","NA","NA"
"016","R",1,"656",2,"11:55AM",1,"2022",1,"47959","Bryson DeChambeau","USA",FALSE,5,"Par","E","E","T14","1","E","E","2",79778,"SST",3,"4 ft 10 in.","0 in.",5977.3,11516.06,82.349,FALSE,NA,1,15,5980.2,11512.04,82.468,TRUE,"OGR",NA,TRUE,NA,NA,NA,NA,NA,NA,NA,NA,NA,NA,NA,NA,NA,"NA","NA","NA","NA","NA","NA","NA"
"016","R",1,"656",2,"12:05PM",1,"2022",1,"01810","Phil Mickelson","USA",FALSE,5,"Par","E","E","T16","1","E","E","2",81040,"SST",1,"219 yds","27 ft 8 in.",6393.1,12054.31,85.487,FALSE,"Green",1,16,6005.1,11524.47,82.325,FALSE,"OTB","OGR",FALSE,NA,NA,NA,NA,NA,NA,NA,NA,NA,NA,NA,NA,NA,"NA","NA","NA","NA","NA","NA","NA"
"016","R",1,"656",2,"12:05PM",1,"2022",1,"01810","Phil Mickelson","USA",FALSE,5,"Par","E","E","T16","1","E","E","2",82348,"SST",2,"25 ft 1 in.","2 ft 7 in.",6005.1,11524.47,82.325,FALSE,"Green",1,16,5982.6,11513.4,82.453,TRUE,"OGR","OGR",FALSE,NA,NA,NA,NA,NA,NA,NA,NA,NA,NA,NA,NA,NA,"NA","NA","NA","NA","NA","NA","NA"
"016","R",1,"656",2,"12:05PM",1,"2022",1,"01810","Phil Mickelson","USA",FALSE,5,"Par","E","E","T16","1","E","E","2",82441,"SST",3,"2 ft 7 in.","0 in.",5982.6,11513.4,82.453,FALSE,NA,1,16,5980.2,11512.04,82.468,TRUE,"OGR",NA,TRUE,NA,NA,NA,NA,NA,NA,NA,NA,NA,NA,NA,NA,NA,"NA","NA","NA","NA","NA","NA","NA"
"016","R",1,"656",2,"12:05PM",1,"2022",1,"32839","Hideki Matsuyama","JPN",FALSE,5,"Par","E","E","T16","1","E","E","2",80726,"SST",1,"228 yds","15 ft 9 in.",6393.1,12054.31,85.487,FALSE,"Green",1,16,5966.6,11520.25,82.066,FALSE,"OTB","OGR",FALSE,NA,NA,NA,NA,NA,NA,NA,NA,NA,NA,NA,NA,NA,"NA","NA","NA","NA","NA","NA","NA"
"016","R",1,"656",2,"12:05PM",1,"2022",1,"32839","Hideki Matsuyama","JPN",FALSE,5,"Par","E","E","T16","1","E","E","2",82645,"SST",2,"15 ft 10 in.","2 in.",5966.6,11520.25,82.066,FALSE,"Green",1,16,5980,11511.8,82.472,TRUE,"OGR","OGR",FALSE,NA,NA,NA,NA,NA,NA,NA,NA,NA,NA,NA,NA,NA,"NA","NA","NA","NA","NA","NA","NA"
"016","R",1,"656",2,"12:05PM",1,"2022",1,"32839","Hideki Matsuyama","JPN",FALSE,5,"Par","E","E","T16","1","E","E","2",82661,"SST",3,"2 in.","0 in.",5980,11511.8,82.472,FALSE,NA,1,16,5980.2,11512.04,82.468,TRUE,"OGR",NA,TRUE,NA,NA,NA,NA,NA,NA,NA,NA,NA,NA,NA,NA,NA,"NA","NA","NA","NA","NA","NA","NA"
"016","R",1,"656",2,"12:15PM",1,"2022",1,"34360","Patrick Reed","USA",FALSE,6,"Par","+1","+1","T27","1","+1","+1","2",84470,"SST",1,"231 yds","30 ft 8 in.",6393.1,12054.31,85.487,FALSE,"Green",1,17,5951,11521.99,81.742,FALSE,"OTB","OGR",FALSE,NA,NA,NA,NA,NA,NA,NA,NA,NA,NA,NA,NA,NA,"NA","NA","NA","NA","NA","NA","NA"
"016","R",1,"656",2,"12:15PM",1,"2022",1,"34360","Patrick Reed","USA",FALSE,6,"Par","+1","+1","T27","1","+1","+1","2",85867,"SST",2,"29 ft 9 in.","12 in.",5951,11521.99,81.742,FALSE,"Green",1,17,5979.4,11512.9,82.442,TRUE,"OGR","OGR",FALSE,NA,NA,NA,NA,NA,NA,NA,NA,NA,NA,NA,NA,NA,"NA","NA","NA","NA","NA","NA","NA"
"016","R",1,"656",2,"12:15PM",1,"2022",1,"34360","Patrick Reed","USA",FALSE,6,"Par","+1","+1","T27","1","+1","+1","2",85883,"SST",3,"12 in.","0 in.",5979.4,11512.9,82.442,FALSE,NA,1,17,5980.2,11512.04,82.468,TRUE,"OGR",NA,TRUE,NA,NA,NA,NA,NA,NA,NA,NA,NA,NA,NA,NA,NA,"NA","NA","NA","NA","NA","NA","NA"
"016","R",1,"656",2,"12:15PM",1,"2022",1,"50525","Collin Morikawa","USA",FALSE,4,"Par","-1","-1","T13","1","-1","-1","2",84127,"SST",1,"233 yds","18 ft 5 in.",6393.1,12054.31,85.487,FALSE,"Fringe",1,17,5971.7,11495.49,82.898,FALSE,"OTB","OCO",FALSE,NA,NA,NA,NA,NA,NA,NA,NA,NA,NA,NA,NA,NA,"NA","NA","NA","NA","NA","NA","NA"
"016","R",1,"656",2,"12:15PM",1,"2022",1,"50525","Collin Morikawa","USA",FALSE,4,"Par","-1","-1","T13","1","-1","-1","2",86173,"SST",2,"17 ft 0 in.","2 ft 5 in.",5971.7,11495.49,82.898,FALSE,"Green",1,17,5977.6,11511.39,82.455,FALSE,"OCO","OGR",FALSE,NA,NA,NA,NA,NA,NA,NA,NA,NA,NA,NA,NA,NA,"NA","NA","NA","NA","NA","NA","NA"
"016","R",1,"656",2,"12:15PM",1,"2022",1,"50525","Collin Morikawa","USA",FALSE,4,"Par","-1","-1","T13","1","-1","-1","2",86300,"SST",3,"2 ft 5 in.","0 in.",5977.6,11511.39,82.455,FALSE,NA,1,17,5980.2,11512.04,82.468,TRUE,"OGR",NA,TRUE,NA,NA,NA,NA,NA,NA,NA,NA,NA,NA,NA,NA,NA,"NA","NA","NA","NA","NA","NA","NA"
"016","R",1,"656",2,"12:25PM",1,"2022",1,"33448","Justin Thomas","USA",FALSE,5,"Par","E","E","T21","1","E","E","2",86898,"SST",1,"219 yds","32 ft 11 in.",6393.1,12054.31,85.487,FALSE,"Green",1,18,6012.3,11520.1,82.6,FALSE,"OTB","OGR",FALSE,NA,NA,NA,NA,NA,NA,NA,NA,NA,NA,NA,NA,NA,"NA","NA","NA","NA","NA","NA","NA"
"016","R",1,"656",2,"12:25PM",1,"2022",1,"33448","Justin Thomas","USA",FALSE,5,"Par","E","E","T21","1","E","E","2",88451,"SST",2,"29 ft 10 in.","3 ft 2 in.",6012.3,11520.1,82.6,FALSE,"Green",1,18,5983.3,11513.08,82.466,TRUE,"OGR","OGR",FALSE,NA,NA,NA,NA,NA,NA,NA,NA,NA,NA,NA,NA,NA,"NA","NA","NA","NA","NA","NA","NA"
"016","R",1,"656",2,"12:25PM",1,"2022",1,"33448","Justin Thomas","USA",FALSE,5,"Par","E","E","T21","1","E","E","2",88914,"SST",3,"3 ft 2 in.","0 in.",5983.3,11513.08,82.466,FALSE,NA,1,18,5980.2,11512.04,82.468,TRUE,"OGR",NA,TRUE,NA,NA,NA,NA,NA,NA,NA,NA,NA,NA,NA,NA,NA,"NA","NA","NA","NA","NA","NA","NA"
"016","R",1,"656",2,"12:25PM",1,"2022",1,"34046","Jordan Spieth","USA",FALSE,5,"Par","E","E","T20","1","E","E","2",86566,"SST",1,"222 yds","19 ft 11 in.",6393.1,12054.31,85.487,FALSE,"Green",1,18,5980.7,11532.14,81.862,FALSE,"OTB","OGR",FALSE,NA,NA,NA,NA,NA,NA,NA,NA,NA,NA,NA,NA,NA,"NA","NA","NA","NA","NA","NA","NA"
"016","R",1,"656",2,"12:25PM",1,"2022",1,"34046","Jordan Spieth","USA",FALSE,5,"Par","E","E","T20","1","E","E","2",88674,"SST",2,"22 ft 10 in.","3 ft 1 in.",5980.7,11532.14,81.862,FALSE,"Green",1,18,5978.2,11509.42,82.496,TRUE,"OGR","OGR",FALSE,NA,NA,NA,NA,NA,NA,NA,NA,NA,NA,NA,NA,NA,"NA","NA","NA","NA","NA","NA","NA"
"016","R",1,"656",2,"12:25PM",1,"2022",1,"34046","Jordan Spieth","USA",FALSE,5,"Par","E","E","T20","1","E","E","2",88725,"SST",3,"3 ft 1 in.","0 in.",5978.2,11509.42,82.496,FALSE,NA,1,18,5980.2,11512.04,82.468,TRUE,"OGR",NA,TRUE,NA,NA,NA,NA,NA,NA,NA,NA,NA,NA,NA,NA,NA,"NA","NA","NA","NA","NA","NA","NA"
"016","R",1,"656",2,"12:35PM",1,"2022",1,"46970","Jon Rahm","ESP",FALSE,5,"Par","E","E","T21","1","E","E","2",90242,"SST",1,"244 yds","85 ft 4 in.",6393.1,12054.31,85.487,FALSE,"Right Rough",1,19,5895.2,11517.01,73.952,FALSE,"OTB","ERR",FALSE,NA,NA,NA,NA,NA,NA,NA,NA,NA,NA,NA,NA,NA,"NA","NA","NA","NA","NA","NA","NA"
"016","R",1,"656",2,"12:35PM",1,"2022",1,"46970","Jon Rahm","ESP",FALSE,5,"Par","E","E","T21","1","E","E","2",91336,"SST",2,"84 ft 1 in.","23 in.",5895.2,11517.01,73.952,FALSE,"Green",1,19,5978.8,11513.6,82.42,FALSE,"ORO","OGR",FALSE,NA,NA,NA,NA,NA,NA,NA,NA,NA,NA,NA,NA,NA,"NA","NA","NA","NA","NA","NA","NA"
"016","R",1,"656",2,"12:35PM",1,"2022",1,"46970","Jon Rahm","ESP",FALSE,5,"Par","E","E","T21","1","E","E","2",91846,"SST",3,"23 in.","0 in.",5978.8,11513.6,82.42,FALSE,NA,1,19,5980.2,11512.04,82.468,TRUE,"OGR",NA,TRUE,NA,NA,NA,NA,NA,NA,NA,NA,NA,NA,NA,NA,NA,"NA","NA","NA","NA","NA","NA","NA"
"016","R",1,"656",2,"12:35PM",1,"2022",1,"48081","Xander Schauffele","USA",FALSE,5,"Par","E","E","T21","1","E","E","2",90366,"SST",1,"223 yds","31 ft 10 in.",6393.1,12054.31,85.487,FALSE,"Green",1,19,6011.1,11503.63,83.127,FALSE,"OTB","OGR",FALSE,NA,NA,NA,NA,NA,NA,NA,NA,NA,NA,NA,NA,NA,"NA","NA","NA","NA","NA","NA","NA"
"016","R",1,"656",2,"12:35PM",1,"2022",1,"48081","Xander Schauffele","USA",FALSE,5,"Par","E","E","T21","1","E","E","2",92196,"SST",2,"29 ft 7 in.","2 ft 9 in.",6011.1,11503.63,83.127,FALSE,"Green",1,19,5983,11512.85,82.47,TRUE,"OGR","OGR",FALSE,NA,NA,NA,NA,NA,NA,NA,NA,NA,NA,NA,NA,NA,"NA","NA","NA","NA","NA","NA","NA"
"016","R",1,"656",2,"12:35PM",1,"2022",1,"48081","Xander Schauffele","USA",FALSE,5,"Par","E","E","T21","1","E","E","2",92582,"SST",3,"2 ft 9 in.","0 in.",5983,11512.85,82.47,FALSE,NA,1,19,5980.2,11512.04,82.468,TRUE,"OGR",NA,TRUE,NA,NA,NA,NA,NA,NA,NA,NA,NA,NA,NA,NA,NA,"NA","NA","NA","NA","NA","NA","NA"
"016","R",1,"656",2,"12:45PM",1,"2022",1,"34099","Harris English","USA",FALSE,6,"Par","E","E","T23","1","E","E","2",93842,"SST",1,"228 yds","26 ft 3 in.",6393.1,12054.31,85.487,FALSE,"Green",1,20,5958.1,11526.49,81.713,FALSE,"OTB","OGR",FALSE,NA,NA,NA,NA,NA,NA,NA,NA,NA,NA,NA,NA,NA,"NA","NA","NA","NA","NA","NA","NA"
"016","R",1,"656",2,"12:45PM",1,"2022",1,"34099","Harris English","USA",FALSE,6,"Par","E","E","T23","1","E","E","2",95209,"SST",2,"24 ft 0 in.","2 ft 4 in.",5958.1,11526.49,81.713,FALSE,"Green",1,20,5978.3,11513.67,82.413,TRUE,"OGR","OGR",FALSE,NA,NA,NA,NA,NA,NA,NA,NA,NA,NA,NA,NA,NA,"NA","NA","NA","NA","NA","NA","NA"
"016","R",1,"656",2,"12:45PM",1,"2022",1,"34099","Harris English","USA",FALSE,6,"Par","E","E","T23","1","E","E","2",95480,"SST",3,"2 ft 4 in.","0 in.",5978.3,11513.67,82.413,FALSE,NA,1,20,5980.2,11512.04,82.468,TRUE,"OGR",NA,TRUE,NA,NA,NA,NA,NA,NA,NA,NA,NA,NA,NA,NA,NA,"NA","NA","NA","NA","NA","NA","NA"
"016","R",1,"656",2,"12:45PM",1,"2022",1,"35450","Patrick Cantlay","USA",FALSE,7,"Par","+1","+1","T35","1","+1","+1","2",94059,"SST",1,"223 yds","26 ft 5 in.",6393.1,12054.31,85.487,FALSE,"Green",1,20,5971.1,11536.97,81.713,FALSE,"OTB","OGR",FALSE,NA,NA,NA,NA,NA,NA,NA,NA,NA,NA,NA,NA,NA,"NA","NA","NA","NA","NA","NA","NA"
"016","R",1,"656",2,"12:45PM",1,"2022",1,"35450","Patrick Cantlay","USA",FALSE,7,"Par","+1","+1","T35","1","+1","+1","2",95377,"SST",2,"27 ft 2 in.","18 in.",5971.1,11536.97,81.713,FALSE,"Green",1,20,5978.9,11510.99,82.477,TRUE,"OGR","OGR",FALSE,NA,NA,NA,NA,NA,NA,NA,NA,NA,NA,NA,NA,NA,"NA","NA","NA","NA","NA","NA","NA"
"016","R",1,"656",2,"12:45PM",1,"2022",1,"35450","Patrick Cantlay","USA",FALSE,7,"Par","+1","+1","T35","1","+1","+1","2",95533,"SST",3,"18 in.","0 in.",5978.9,11510.99,82.477,FALSE,NA,1,20,5980.2,11512.04,82.468,TRUE,"OGR",NA,TRUE,NA,NA,NA,NA,NA,NA,NA,NA,NA,NA,NA,NA,NA,"NA","NA","NA","NA","NA","NA","NA"
"016","R",1,"656",3,"9:40AM",1,"2022",1,"34076","Joel Dahmen","USA",FALSE,1,"Par","E","E","T2","2","E","E","3",58407,"SST",1,"271 yds","153 yds",5944.4,11304.19,91.362,FALSE,"Left Fairway",1,2,6753.9,11249.15,121.048,FALSE,"OTB","ELF",FALSE,NA,NA,NA,NA,NA,NA,NA,NA,NA,NA,NA,NA,NA,"NA","NA","NA","NA","NA","NA","NA"
"016","R",1,"656",3,"9:40AM",1,"2022",1,"34076","Joel Dahmen","USA",FALSE,1,"Par","E","E","T2","2","E","E","3",58595,"SST",2,"158 yds","18 ft 0 in.",6753.9,11249.15,121.048,FALSE,"Fringe",1,2,7205.6,11107.64,141.845,FALSE,"OFW","OCO",FALSE,NA,NA,NA,NA,NA,NA,NA,NA,NA,NA,NA,NA,NA,"NA","NA","NA","NA","NA","NA","NA"
"016","R",1,"656",3,"9:40AM",1,"2022",1,"34076","Joel Dahmen","USA",FALSE,1,"Par","E","E","T2","2","E","E","3",58953,"SST",3,"20 ft 6 in.","2 ft 3 in.",7205.6,11107.64,141.845,FALSE,"Green",1,2,7191.9,11122.83,141.006,FALSE,"OCO","OGR",FALSE,NA,NA,NA,NA,NA,NA,NA,NA,NA,NA,NA,NA,NA,"NA","NA","NA","NA","NA","NA","NA"
"016","R",1,"656",3,"9:40AM",1,"2022",1,"34076","Joel Dahmen","USA",FALSE,1,"Par","E","E","T2","2","E","E","3",59261,"SST",4,"2 ft 3 in.","0 in.",7191.9,11122.83,141.006,FALSE,NA,1,2,7194,11121.68,141.071,TRUE,"OGR",NA,TRUE,NA,NA,NA,NA,NA,NA,NA,NA,NA,NA,NA,NA,NA,"NA","NA","NA","NA","NA","NA","NA"
"016","R",1,"656",3,"9:40AM",1,"2022",1,"54421","Garrick Higgo","RSA",FALSE,1,"Birdie","E","E","T2","2","-1","-1","3",58368,"SST",1,"281 yds","141 yds",5944.4,11304.19,91.362,FALSE,"Right Fairway",1,2,6782.2,11214.83,122.864,FALSE,"OTB","ERF",FALSE,NA,NA,NA,NA,NA,NA,NA,NA,NA,NA,NA,NA,NA,"NA","NA","NA","NA","NA","NA","NA"
"016","R",1,"656",3,"9:40AM",1,"2022",1,"54421","Garrick Higgo","RSA",FALSE,1,"Birdie","E","E","T2","2","-1","-1","3",58651,"SST",2,"139 yds","4 ft 9 in.",6782.2,11214.83,122.864,FALSE,"Green",1,2,7189.1,11121.58,140.988,FALSE,"OFW","OGR",FALSE,NA,NA,NA,NA,NA,NA,NA,NA,NA,NA,NA,NA,NA,"NA","NA","NA","NA","NA","NA","NA"
"016","R",1,"656",3,"9:40AM",1,"2022",1,"54421","Garrick Higgo","RSA",FALSE,1,"Birdie","E","E","T2","2","-1","-1","3",59085,"SST",3,"4 ft 9 in.","0 in.",7189.1,11121.58,140.988,FALSE,NA,1,2,7194,11121.68,141.071,TRUE,"OGR",NA,TRUE,NA,NA,NA,NA,NA,NA,NA,NA,NA,NA,NA,NA,NA,"NA","NA","NA","NA","NA","NA","NA"
"016","R",1,"656",3,"9:50AM",1,"2022",1,"36689","Brooks Koepka","USA",FALSE,1,"Par","E","E","T3","2","E","E","3",58881,"SST",1,"284 yds","137 yds",5944.4,11304.19,91.362,FALSE,"Right Fairway",1,3,6790.3,11199.1,124.299,FALSE,"OTB","ERF",FALSE,NA,NA,NA,NA,NA,NA,NA,NA,NA,NA,NA,NA,NA,"NA","NA","NA","NA","NA","NA","NA"
"016","R",1,"656",3,"9:50AM",1,"2022",1,"36689","Brooks Koepka","USA",FALSE,1,"Par","E","E","T3","2","E","E","3",59379,"SST",2,"130 yds","28 ft 5 in.",6790.3,11199.1,124.299,FALSE,"Green",1,3,7174.8,11142.84,140.242,FALSE,"OFW","OGR",FALSE,NA,NA,NA,NA,NA,NA,NA,NA,NA,NA,NA,NA,NA,"NA","NA","NA","NA","NA","NA","NA"
"016","R",1,"656",3,"9:50AM",1,"2022",1,"36689","Brooks Koepka","USA",FALSE,1,"Par","E","E","T3","2","E","E","3",59499,"SST",3,"27 ft 2 in.","2 ft 4 in.",7174.8,11142.84,140.242,FALSE,"Green",1,3,7191.5,11121.52,141.01,TRUE,"OGR","OGR",FALSE,NA,NA,NA,NA,NA,NA,NA,NA,NA,NA,NA,NA,NA,"NA","NA","NA","NA","NA","NA","NA"
"016","R",1,"656",3,"9:50AM",1,"2022",1,"36689","Brooks Koepka","USA",FALSE,1,"Par","E","E","T3","2","E","E","3",59515,"SST",4,"2 ft 4 in.","0 in.",7191.5,11121.52,141.01,FALSE,NA,1,3,7194,11121.68,141.071,TRUE,"OGR",NA,TRUE,NA,NA,NA,NA,NA,NA,NA,NA,NA,NA,NA,NA,NA,"NA","NA","NA","NA","NA","NA","NA"
"016","R",1,"656",3,"9:50AM",1,"2022",1,"46717","Viktor Hovland","NOR",FALSE,0,"Birdie","-1","-1","T1","2","-2","-2","3",58781,"SST",1,"294 yds","127 yds",5944.4,11304.19,91.362,FALSE,"Right Fairway",1,3,6814.9,11161.06,126.736,FALSE,"OTB","ERF",FALSE,NA,NA,NA,NA,NA,NA,NA,NA,NA,NA,NA,NA,NA,"NA","NA","NA","NA","NA","NA","NA"
"016","R",1,"656",3,"9:50AM",1,"2022",1,"46717","Viktor Hovland","NOR",FALSE,0,"Birdie","-1","-1","T1","2","-2","-2","3",59401,"SST",2,"123 yds","11 ft 7 in.",6814.9,11161.06,126.736,FALSE,"Green",1,3,7182.6,11119.06,141.007,FALSE,"OFW","OGR",FALSE,NA,NA,NA,NA,NA,NA,NA,NA,NA,NA,NA,NA,NA,"NA","NA","NA","NA","NA","NA","NA"
"016","R",1,"656",3,"9:50AM",1,"2022",1,"46717","Viktor Hovland","NOR",FALSE,0,"Birdie","-1","-1","T1","2","-2","-2","3",59562,"SST",3,"11 ft 7 in.","0 in.",7182.6,11119.06,141.007,FALSE,NA,1,3,7194,11121.68,141.071,TRUE,"OGR",NA,TRUE,NA,NA,NA,NA,NA,NA,NA,NA,NA,NA,NA,NA,NA,"NA","NA","NA","NA","NA","NA","NA"
"016","R",1,"656",3,"10:00AM",1,"2022",1,"45526","Abraham Ancer","MEX",FALSE,2,"Par","E","E","T4","2","E","E","3",59778,"SST",1,"260 yds","162 yds",5944.4,11304.19,91.362,FALSE,"Right Fairway",1,4,6718.5,11222.73,120.551,FALSE,"OTB","ERF",FALSE,NA,NA,NA,NA,NA,NA,NA,NA,NA,NA,NA,NA,NA,"NA","NA","NA","NA","NA","NA","NA"
"016","R",1,"656",3,"10:00AM",1,"2022",1,"45526","Abraham Ancer","MEX",FALSE,2,"Par","E","E","T4","2","E","E","3",60210,"SST",2,"169 yds","20 ft 5 in.",6718.5,11222.73,120.551,FALSE,"Right Fairway",1,4,7211,11110.02,142.075,FALSE,"OFW","ERF",FALSE,NA,NA,NA,NA,NA,NA,NA,NA,NA,NA,NA,NA,NA,"NA","NA","NA","NA","NA","NA","NA"
"016","R",1,"656",3,"10:00AM",1,"2022",1,"45526","Abraham Ancer","MEX",FALSE,2,"Par","E","E","T4","2","E","E","3",60450,"SST",3,"21 ft 5 in.","2 ft 0 in.",7211,11110.02,142.075,FALSE,"Green",1,4,7194.6,11123.82,141.026,FALSE,"OFW","OGR",FALSE,NA,NA,NA,NA,NA,NA,NA,NA,NA,NA,NA,NA,NA,"NA","NA","NA","NA","NA","NA","NA"
"016","R",1,"656",3,"10:00AM",1,"2022",1,"45526","Abraham Ancer","MEX",FALSE,2,"Par","E","E","T4","2","E","E","3",60474,"SST",4,"2 ft 0 in.","0 in.",7194.6,11123.82,141.026,FALSE,NA,1,4,7194,11121.68,141.071,TRUE,"OGR",NA,TRUE,NA,NA,NA,NA,NA,NA,NA,NA,NA,NA,NA,NA,NA,"NA","NA","NA","NA","NA","NA","NA"
"016","R",1,"656",3,"10:00AM",1,"2022",1,"46402","Talor Gooch","USA",FALSE,2,"Par","E","E","T4","2","E","E","3",59670,"SST",1,"275 yds","147 yds",5944.4,11304.19,91.362,FALSE,"Right Fairway",1,4,6767,11235.94,121.645,FALSE,"OTB","ERF",FALSE,NA,NA,NA,NA,NA,NA,NA,NA,NA,NA,NA,NA,NA,"NA","NA","NA","NA","NA","NA","NA"
"016","R",1,"656",3,"10:00AM",1,"2022",1,"46402","Talor Gooch","USA",FALSE,2,"Par","E","E","T4","2","E","E","3",60327,"SST",2,"147 yds","15 ft 5 in.",6767,11235.94,121.645,FALSE,"Green",1,4,7189.4,11106.82,141.522,FALSE,"OFW","OGR",FALSE,NA,NA,NA,NA,NA,NA,NA,NA,NA,NA,NA,NA,NA,"NA","NA","NA","NA","NA","NA","NA"
"016","R",1,"656",3,"10:00AM",1,"2022",1,"46402","Talor Gooch","USA",FALSE,2,"Par","E","E","T4","2","E","E","3",60517,"SST",3,"17 ft 4 in.","2 ft 3 in.",7189.4,11106.82,141.522,FALSE,"Green",1,4,7192.9,11123.78,140.998,TRUE,"OGR","OGR",FALSE,NA,NA,NA,NA,NA,NA,NA,NA,NA,NA,NA,NA,NA,"NA","NA","NA","NA","NA","NA","NA"
"016","R",1,"656",3,"10:00AM",1,"2022",1,"46402","Talor Gooch","USA",FALSE,2,"Par","E","E","T4","2","E","E","3",60538,"SST",4,"2 ft 3 in.","0 in.",7192.9,11123.78,140.998,FALSE,NA,1,4,7194,11121.68,141.071,TRUE,"OGR",NA,TRUE,NA,NA,NA,NA,NA,NA,NA,NA,NA,NA,NA,NA,NA,"NA","NA","NA","NA","NA","NA","NA"
